sku_id,description,category,unit_cost,list_price,forecast_demand_horizon,forecast_daily_rate,on_hand_units,on_order_units,lead_time_days,reorder_point,forecast_demand_leadtime,stockout_risk,sales_at_risk_rupees,overstock_risk,capital_locked_rupees,quadrant,revenue_at_stake,recommended_action
22423,REGENCY CAKESTAND 3 TIER,General Merchandise,6.31,12.75,1475.5121914585884,26.348431990331935,751.0,0.0,10,680,263.4843199033194,0.0,0.0,0.0,0.0,Healthy,0.0,No action needed; leave as is.
85123A,WHITE HANGING HEART T-LIGHT HOLDER,Lighting & Candles,1.66,2.95,2017.831253019026,36.03270094676832,1897.0,3467.0,9,2453,324.2943085209149,0.0,0.0,0.0,0.0,Healthy,0.0,No action needed; leave as is.
85099B,JUMBO BAG RED RETROSPOT,Bags,0.93,1.95,4500.482109131476,80.36575194877636,1594.0,2732.0,9,2221,723.2917675389873,0.0,0.0,0.0,0.0,Healthy,0.0,No action needed; leave as is.
47566,PARTY BUNTING,Storage,2.53,4.95,883.0708295218811,15.769121955747877,316.0,0.0,3,143,47.30736586724363,0.0,0.0,0.0,0.0,Healthy,0.0,No action needed; leave as is.
84879,ASSORTED COLOUR BIRD ORNAMENT,Garden & Outdoor,1.07,1.69,3861.727668587985,68.95942265335688,609.0,1366.0,8,1214,551.675381226855,0.0,0.0,0.0,0.0,Healthy,0.0,No action needed; leave as is.
22086,PAPER CHAIN KIT 50'S CHRISTMAS ,Seasonal & Christmas,1.34,2.95,3397.888963713073,60.676588637733445,0.0,800.0,4,639,242.70635455093378,0.0,0.0,0.0,0.0,Healthy,0.0,No action needed; leave as is.
79321,CHILLI LIGHTS,Lighting & Candles,2.46,4.95,867.0195075248903,15.482491205801612,181.0,0.0,10,118,154.8249120580161,0.0,0.0,0.0,0.0,Healthy,0.0,No action needed; leave as is.
22197,SMALL POPCORN HOLDER,General Merchandise,0.42,0.85,10657.586573260156,190.3140459510742,0.0,1116.0,5,546,951.570229755371,0.0,0.0,0.0,0.0,Healthy,0.0,No action needed; leave as is.
22386,JUMBO BAG PINK POLKADOT,Bags,1.22,1.95,1678.6824731617724,29.97647273503165,1229.0,0.0,3,514,89.92941820509495,0.0,0.0,0.0,0.0,Healthy,0.0,No action needed; leave as is.
84347,ROTATING SILVER ANGELS T-LIGHT HLDR,Lighting & Candles,1.43,2.55,2408.3302347111653,43.005897048413665,206.0,513.0,11,383,473.0648675325503,0.0,0.0,0.0,0.0,Healthy,0.0,No action needed; leave as is.
20725,LUNCH BAG RED RETROSPOT,Bags,0.95,1.65,1731.192042951773,30.914143624138802,684.0,0.0,4,544,123.65657449655521,0.0,0.0,0.0,0.0,Healthy,0.0,No action needed; leave as is.
85099F,JUMBO BAG STRAWBERRY,Bags,0.91,1.95,1341.2764812278738,23.951365736212033,572.0,0.0,5,559,119.75682868106017,0.0,0.0,0.0,0.0,Healthy,0.0,No action needed; leave as is.
23084,RABBIT NIGHT LIGHT,Lighting & Candles,1.08,2.08,11087.906412826203,197.99832880046793,0.0,2100.0,9,1006,1781.9849592042115,0.0,0.0,0.0,0.0,Healthy,0.0,No action needed; leave as is.
48138,DOORMAT UNION FLAG,Home Decor,3.64,7.49,431.65110932910204,7.708055523733965,801.0,0.0,11,436,84.78861076107361,0.0,0.0,0.46110972618089635,1344.4299620420686,Healthy,1344.4299620420686,No action needed; leave as is.
20685,DOORMAT RED RETROSPOT,Home Decor,4.2,7.49,562.6913350545495,10.048059554545528,528.0,0.0,6,291,60.28835732727317,0.0,0.0,0.0,0.0,Healthy,0.0,No action needed; leave as is.
21137,BLACK RECORD COVER FRAME,Home Decor,2.27,3.75,1185.4360062600415,21.168500111786454,0.0,529.0,8,198,169.34800089429163,0.0,0.0,0.0,0.0,Healthy,0.0,No action needed; leave as is.
21931,JUMBO STORAGE BAG SUKI,Bags,1.05,1.95,1715.036745211026,30.62565616448261,678.0,445.0,13,698,398.13353013827395,0.0,0.0,0.0,0.0,Healthy,0.0,No action needed; leave as is.
22502,PICNIC BASKET WICKER SMALL,General Merchandise,3.79,5.95,830.7587118236273,14.834976996850488,212.0,0.0,4,122,59.33990798740195,0.0,0.0,0.0,0.0,Healthy,0.0,No action needed; leave as is.
21621,VINTAGE UNION JACK BUNTING,Storage,4.12,8.5,432.4445476151836,7.722224064556849,52.0,87.0,7,67,54.05556845189795,0.0,0.0,0.0,0.0,Healthy,0.0,No action needed; leave as is.
21843,RED RETROSPOT CAKE STAND,General Merchandise,5.73,10.95,402.5318406277545,7.188068582638473,235.0,0.0,12,209,86.25682299166168,0.0,0.0,0.0,0.0,Healthy,0.0,No action needed; leave as is.
15056N,EDWARDIAN PARASOL NATURAL,General Merchandise,2.97,5.95,637.8982844806458,11.391040794297245,1160.0,0.0,8,425,91.12832635437796,0.0,0.0,0.45008768579254677,1550.6420950924821,Healthy,1550.6420950924821,No action needed; leave as is.
85099C,JUMBO  BAG BAROQUE BLACK WHITE,Bags,1.13,1.95,1362.885778273663,24.337246040601123,640.0,733.0,10,809,243.37246040601121,0.0,0.0,0.0,0.0,Healthy,0.0,No action needed; leave as is.
22114,HOT WATER BOTTLE TEA AND SYMPATHY,Home & Living,1.8,3.95,1179.5542356133387,21.063468493095336,0.0,632.0,10,495,210.63468493095337,0.0,0.0,0.0,0.0,Healthy,0.0,No action needed; leave as is.
22910,PAPER CHAIN KIT VINTAGE CHRISTMAS,Seasonal & Christmas,1.39,2.95,2037.0177991679113,36.37531784228413,1272.0,1597.0,11,2179,400.1284962651255,0.0,0.0,0.0,0.0,Healthy,0.0,No action needed; leave as is.
22112,CHOCOLATE HOT WATER BOTTLE,Home & Living,2.45,4.95,906.8319806818018,16.193428226460746,108.0,408.0,5,307,80.96714113230374,0.0,0.0,0.0,0.0,Healthy,0.0,No action needed; leave as is.
22411,JUMBO SHOPPER VINTAGE RED PAISLEY,General Merchandise,1.19,1.95,1366.2131406396468,24.39666322570798,247.0,888.0,11,713,268.36329548278775,0.0,0.0,0.0,0.0,Healthy,0.0,No action needed; leave as is.
82484,WOOD BLACK BOARD ANT WHITE FINISH,General Merchandise,3.76,6.75,664.9849019413605,11.874730391810008,0.0,20.0,8,10,94.99784313448006,0.78946890434462,506.2354411577404,0.0,0.0,Reorder Now,506.2354411577404,Raise a replenishment order before stock runs out.
22470,HEART OF WICKER LARGE,General Merchandise,1.89,2.95,1461.8781796506871,26.10496749376227,203.0,597.0,14,601,365.4695449126718,0.0,0.0,0.0,0.0,Healthy,0.0,No action needed; leave as is.
20914,SET/5 RED RETROSPOT LID GLASS BOWLS,Kitchen & Dining,1.83,2.95,694.4170939966064,12.400305249939398,371.0,425.0,14,656,173.6042734991516,0.0,0.0,0.0,0.0,Healthy,0.0,No action needed; leave as is.
21212,PACK OF 72 RETROSPOT CAKE CASES,General Merchandise,0.28,0.55,3746.7302018772752,66.9058964620942,1732.0,2766.0,10,2333,669.0589646209421,0.0,0.0,0.0,0.0,Healthy,0.0,No action needed; leave as is.
22178,VICTORIAN GLASS HANGING T-LIGHT,Lighting & Candles,0.63,1.25,1718.3836783335066,30.68542282738405,0.0,486.0,5,224,153.42711413692024,0.0,0.0,0.0,0.0,Healthy,0.0,No action needed; leave as is.
22139,RETROSPOT TEA SET CERAMIC 11 PC ,General Merchandise,2.26,4.95,648.8099831960373,11.585892557072095,0.0,231.0,12,218,139.03071068486514,0.0,0.0,0.0,0.0,Healthy,0.0,No action needed; leave as is.
21181,PLEASE ONE PERSON METAL SIGN,Home Decor,1.23,2.1,1697.3939618197871,30.31060646106763,336.0,811.0,8,498,242.48485168854103,0.0,0.0,0.0,0.0,Healthy,0.0,No action needed; leave as is.
21733,RED HANGING HEART T-LIGHT HOLDER,Lighting & Candles,1.7,2.95,1215.804526821421,21.71079512181109,748.0,629.0,14,826,303.95113170535524,0.0,0.0,0.0,0.0,Healthy,0.0,No action needed; leave as is.
21929,JUMBO BAG PINK VINTAGE PAISLEY,Bags,1.08,1.95,1130.5073616389213,20.18763145783788,677.0,0.0,6,654,121.12578874702729,0.0,0.0,0.0,0.0,Healthy,0.0,No action needed; leave as is.
22090,PAPER BUNTING RETROSPOT,Storage,1.81,2.95,843.9323213395829,15.070220023921124,331.0,0.0,11,291,165.77242026313235,0.0,0.0,0.0,0.0,Healthy,0.0,No action needed; leave as is.
22189,CREAM HEART CARD HOLDER,Stationery,2.46,3.95,1045.5119683938876,18.66985657846228,98.0,611.0,4,256,74.67942631384912,0.0,0.0,0.0,0.0,Healthy,0.0,No action needed; leave as is.
22111,SCOTTIE DOG HOT WATER BOTTLE,Home & Living,2.75,4.95,1103.872744407592,19.712013292992715,616.0,0.0,13,576,256.2561728089053,0.0,0.0,0.0,0.0,Healthy,0.0,No action needed; leave as is.
84946,ANTIQUE SILVER TEA GLASS ETCHED,General Merchandise,0.76,1.25,1732.2426183832868,30.93290389970155,784.0,0.0,14,775,433.0606545958217,0.0,0.0,0.0,0.0,Healthy,0.0,No action needed; leave as is.
48194,DOORMAT HEARTS,Home Decor,4.1,7.95,387.17061216286237,6.913760931479685,574.0,0.0,4,254,27.65504372591874,0.0,0.0,0.32548673839222586,766.0004901322642,Healthy,766.0004901322642,No action needed; leave as is.
22469,HEART OF WICKER SMALL,General Merchandise,0.93,1.65,1609.463140085545,28.740413215813305,102.0,1273.0,14,1004,402.3657850213863,0.0,0.0,0.0,0.0,Healthy,0.0,No action needed; leave as is.
21232,STRAWBERRY CERAMIC TRINKET BOX,Storage,0.6,1.25,1150.5451616485589,20.545449315152837,788.0,2200.0,4,909,82.18179726061135,0.0,0.0,0.0,0.0,Healthy,0.0,No action needed; leave as is.
15056BL,EDWARDIAN PARASOL BLACK,General Merchandise,3.03,5.95,407.4257334064606,7.275459525115368,1048.0,0.0,14,928,101.85643335161515,0.0,0.0,0.6112349872075757,1940.9400277784243,Markdown / Clear,1940.9400277784243,Promote or discount to free up capital.
22457,NATURAL SLATE HEART CHALKBOARD ,General Merchandise,1.73,2.95,1070.114903088053,19.109194698000948,0.0,634.0,4,238,76.43677879200379,0.0,0.0,0.0,0.0,Healthy,0.0,No action needed; leave as is.
21731,RED TOADSTOOL LED NIGHT LIGHT,Lighting & Candles,0.8,1.65,1268.4027564704159,22.650049222685997,814.0,1168.0,14,826,317.10068911760396,0.0,0.0,0.0,0.0,Healthy,0.0,No action needed; leave as is.
48187,DOORMAT NEW ENGLAND,Home Decor,3.66,7.49,380.3471194727541,6.791912847727752,148.0,267.0,11,213,74.71104132500527,0.0,0.0,0.0,0.0,Healthy,0.0,No action needed; leave as is.
21754,HOME BUILDING BLOCK WORD,General Merchandise,3.41,5.95,409.7176211338762,7.316386091676361,313.0,0.0,4,137,29.265544366705445,0.0,0.0,0.0,0.0,Healthy,0.0,No action needed; leave as is.
21523,DOORMAT FANCY FONT HOME SWEET HOME,Home Decor,4.71,7.95,457.4365705168,8.168510187799999,210.0,265.0,11,233,89.8536120658,0.0,0.0,0.0,0.0,Healthy,0.0,No action needed; leave as is.
21928,JUMBO BAG SCANDINAVIAN PAISLEY,Bags,1.0,1.95,1271.175483327831,22.699562202282696,549.0,828.0,12,590,272.39474642739236,0.0,0.0,0.0,0.0,Healthy,0.0,No action needed; leave as is.
82494L,WOODEN FRAME ANTIQUE WHITE ,Home Decor,1.84,2.95,810.4245992887891,14.471867844442661,96.0,514.0,12,395,173.66241413331193,0.0,0.0,0.0,0.0,Healthy,0.0,No action needed; leave as is.
22355,CHARLOTTE BAG SUKI DESIGN,Bags,0.52,0.85,2055.2027668458136,36.700049407960954,23.0,746.0,6,423,220.2002964477657,0.0,0.0,0.0,0.0,Healthy,0.0,No action needed; leave as is.
21623,VINTAGE UNION JACK MEMOBOARD,General Merchandise,6.45,9.95,497.38487745917485,8.881872811770979,33.0,90.0,12,98,106.58247374125175,0.0,0.0,0.0,0.0,Healthy,0.0,No action needed; leave as is.
22326,ROUND SNACK BOXES SET OF4 WOODLAND ,Storage,1.45,2.95,932.6531652271431,16.654520807627556,416.0,0.0,6,368,99.92712484576533,0.0,0.0,0.0,0.0,Healthy,0.0,No action needed; leave as is.
20727,LUNCH BAG  BLACK SKULL.,Bags,0.85,1.65,1488.5099071526242,26.580534056296862,558.0,0.0,7,503,186.06373839407803,0.0,0.0,0.0,0.0,Healthy,0.0,No action needed; leave as is.
22383,LUNCH BAG SUKI  DESIGN ,Bags,0.84,1.65,1060.4484161720231,18.9365788602147,856.0,0.0,13,839,246.1755251827911,0.0,0.0,0.0,0.0,Healthy,0.0,No action needed; leave as is.
84997D,PINK 3 PIECE MINI DOTS CUTLERY SET,General Merchandise,1.85,3.75,800.8525068085792,14.30093762158177,404.0,0.0,6,355,85.80562572949063,0.0,0.0,0.0,0.0,Healthy,0.0,No action needed; leave as is.
84029E,RED WOOLLY HOTTIE WHITE HEART.,General Merchandise,2.09,3.75,867.6424956403109,15.49361599357698,555.0,670.0,10,632,154.9361599357698,0.0,0.0,0.0,0.0,Healthy,0.0,No action needed; leave as is.
23298,SPOTTY BUNTING,Storage,2.65,4.95,1337.649249932507,23.88659374879477,1344.0,0.0,12,1205,286.63912498553725,0.0,0.0,0.004725260466884659,16.8294876788564,Healthy,16.8294876788564,No action needed; leave as is.
22138,BAKING SET 9 PIECE RETROSPOT ,General Merchandise,3.08,4.95,778.7943736817409,13.907042387173945,0.0,488.0,12,321,166.88450864608734,0.0,0.0,0.0,0.0,Healthy,0.0,No action needed; leave as is.
21915,RED  HARMONICA IN BOX ,Storage,0.78,1.25,2409.7158783733803,43.030640685238936,0.0,22.0,10,10,430.3064068523894,0.9488736406205851,510.38300856548676,0.0,0.0,Reorder Now,510.38300856548676,Raise a replenishment order before stock runs out.
48185,DOORMAT FAIRY CAKE,Home Decor,4.1,7.95,333.32232799534404,5.9521844284882865,383.0,0.0,11,210,65.47402871337115,0.0,0.0,0.1297067154168563,203.67845521908941,Healthy,203.67845521908941,No action needed; leave as is.
23203,JUMBO BAG VINTAGE DOILY ,Bags,1.16,2.08,3514.7373597698015,62.763167138746454,2315.0,0.0,4,1065,251.05266855498581,0.0,0.0,0.0,0.0,Healthy,0.0,No action needed; leave as is.
82482,WOODEN PICTURE FRAME WHITE FINISH,Home Decor,1.37,2.55,889.4827371306116,15.883620305903777,281.0,0.0,3,251,47.650860917711334,0.0,0.0,0.0,0.0,Healthy,0.0,No action needed; leave as is.
20728,LUNCH BAG CARS BLUE,Bags,0.82,1.65,1272.4632108909325,22.72255733733808,582.0,0.0,4,330,90.89022934935232,0.0,0.0,0.0,0.0,Healthy,0.0,No action needed; leave as is.
20713,JUMBO BAG OWLS,Bags,1.02,1.95,1378.4070746474576,24.61441204727603,171.0,517.0,11,458,270.75853252003634,0.0,0.0,0.0,0.0,Healthy,0.0,No action needed; leave as is.
21175,GIN + TONIC DIET METAL SIGN,Home Decor,1.13,2.1,1382.7827883404395,24.692549791793564,401.0,632.0,14,578,345.6956970851099,0.0,0.0,0.0,0.0,Healthy,0.0,No action needed; leave as is.
22083,PAPER CHAIN KIT RETROSPOT,General Merchandise,1.59,2.95,656.6899373905151,11.726606024830627,723.0,0.0,3,297,35.17981807449188,0.0,0.0,0.09171516266872051,105.43299954908105,Healthy,105.43299954908105,No action needed; leave as is.
84078A,SET/4 WHITE RETRO STORAGE CUBES ,Storage,23.54,39.95,216.3821327983245,3.8639666571129374,20.0,27.0,8,22,30.9117332569035,0.0,0.0,0.0,0.0,Healthy,0.0,No action needed; leave as is.
84997B,RED 3 PIECE MINI DOTS CUTLERY SET,General Merchandise,2.41,3.75,716.689517979732,12.79802710678093,420.0,0.0,7,298,89.5861897474665,0.0,0.0,0.0,0.0,Healthy,0.0,No action needed; leave as is.
22629,SPACEBOY LUNCH BOX ,Storage,1.1,1.95,1599.987698815124,28.57120890741293,1083.0,0.0,4,446,114.28483562965172,0.0,0.0,0.0,0.0,Healthy,0.0,No action needed; leave as is.
71477,COLOUR GLASS. STAR T-LIGHT HOLDER,Lighting & Candles,1.97,3.25,728.5354141421956,13.009560966824921,282.0,0.0,6,111,78.05736580094953,0.0,0.0,0.0,0.0,Healthy,0.0,No action needed; leave as is.
22720,SET OF 3 CAKE TINS PANTRY DESIGN ,Storage,2.81,4.95,977.4873049360066,17.455130445285832,359.0,680.0,9,469,157.09617400757247,0.0,0.0,0.0,0.0,Healthy,0.0,No action needed; leave as is.
22960,JAM MAKING SET WITH JARS,General Merchandise,2.04,4.25,965.0862190297096,17.233682482673384,13.0,643.0,12,513,206.8041897920806,0.0,0.0,0.0,0.0,Healthy,0.0,No action needed; leave as is.
85066,CREAM SWEETHEART MINI CHEST,General Merchandise,7.69,12.75,177.82378582748171,3.175424746919316,65.0,132.0,9,87,28.578822722273845,0.0,0.0,0.0,0.0,Healthy,0.0,No action needed; leave as is.
82486,WOOD S/3 CABINET ANT WHITE FINISH,General Merchandise,5.07,7.95,338.86608700682154,6.051180125121813,105.0,123.0,5,106,30.255900625609065,0.0,0.0,0.0,0.0,Healthy,0.0,No action needed; leave as is.
21166,COOK WITH WINE METAL SIGN ,Home Decor,1.16,1.95,1031.753087938189,18.42416228461052,368.0,0.0,4,232,73.69664913844208,0.0,0.0,0.0,0.0,Healthy,0.0,No action needed; leave as is.
20712,JUMBO BAG WOODLAND ANIMALS,Bags,1.23,2.08,937.5373316402836,16.741738065005062,364.0,0.0,6,309,100.45042839003037,0.0,0.0,0.0,0.0,Healthy,0.0,No action needed; leave as is.
20726,LUNCH BAG WOODLAND,Bags,0.85,1.65,1280.2492265174778,22.861593330669248,588.0,0.0,9,568,205.75433997602323,0.0,0.0,0.0,0.0,Healthy,0.0,No action needed; leave as is.
22699,ROSES REGENCY TEACUP AND SAUCER ,Kitchen & Dining,1.59,2.95,1063.1439816814875,18.98471395859799,881.0,0.0,4,244,75.93885583439196,0.0,0.0,0.0,0.0,Healthy,0.0,No action needed; leave as is.
21485,RETROSPOT HEART HOT WATER BOTTLE,Home & Living,2.44,4.95,646.7881154052174,11.549787775093167,621.0,0.0,6,258,69.298726650559,0.0,0.0,0.0,0.0,Healthy,0.0,No action needed; leave as is.
23284,DOORMAT KEEP CALM AND COME IN,Home Decor,4.11,7.95,851.024580223048,15.196867503983,632.0,0.0,8,351,121.574940031864,0.0,0.0,0.0,0.0,Healthy,0.0,No action needed; leave as is.
22727,ALARM CLOCK BAKELIKE RED ,Home Decor,2.13,3.75,1023.2090232966848,18.271589701726516,0.0,575.0,14,464,255.80225582417123,0.0,0.0,0.0,0.0,Healthy,0.0,No action needed; leave as is.
21524,DOORMAT SPOTTY HOME SWEET HOME,Home Decor,3.87,7.95,305.0534826614535,5.447383618954526,680.0,0.0,14,313,76.26337066536337,0.0,0.0,0.5513919372625684,1451.043022100175,Markdown / Clear,1451.043022100175,Promote or discount to free up capital.
84997C,BLUE 3 PIECE MINI DOTS CUTLERY SET,General Merchandise,2.31,3.75,728.4163253135168,13.007434380598514,629.0,0.0,14,395,182.1040813283792,0.0,0.0,0.0,0.0,Healthy,0.0,No action needed; leave as is.
20724,RED RETROSPOT CHARLOTTE BAG,Bags,0.55,0.85,1912.375088932614,34.14955515951097,46.0,934.0,4,440,136.59822063804387,0.0,0.0,0.0,0.0,Healthy,0.0,No action needed; leave as is.
21755,LOVE BUILDING BLOCK WORD,General Merchandise,3.76,5.95,437.2580608205082,7.808179657509075,140.0,0.0,4,135,31.2327186300363,0.0,0.0,0.0,0.0,Healthy,0.0,No action needed; leave as is.
22379,RECYCLING BAG RETROSPOT ,Bags,1.06,2.1,568.4370544385699,10.150661686403035,1195.0,0.0,8,671,81.20529349122428,0.0,0.0,0.5243204565367615,664.1567222951159,Markdown / Clear,664.1567222951159,Promote or discount to free up capital.
22328,ROUND SNACK BOXES SET OF 4 FRUITS ,Storage,1.64,2.95,558.6245318522997,9.975438068791066,361.0,0.0,5,272,49.87719034395533,0.0,0.0,0.0,0.0,Healthy,0.0,No action needed; leave as is.
22382,LUNCH BAG SPACEBOY DESIGN ,Bags,1.02,1.65,1290.4588151920545,23.04390741414383,872.0,0.0,8,672,184.35125931315065,0.0,0.0,0.0,0.0,Healthy,0.0,No action needed; leave as is.
22384,LUNCH BAG PINK POLKADOT,Bags,0.91,1.65,1015.9580362957688,18.142107790995873,572.0,0.0,5,529,90.71053895497937,0.0,0.0,0.0,0.0,Healthy,0.0,No action needed; leave as is.
22666,RECIPE BOX PANTRY YELLOW DESIGN,Storage,1.83,2.95,721.6893012842373,12.887308951504238,0.0,370.0,13,351,167.53501636955508,0.0,0.0,0.0,0.0,Healthy,0.0,No action needed; leave as is.
22630,DOLLY GIRL LUNCH BOX,Storage,1.0,1.95,1398.736605571494,24.97743938520525,1286.0,0.0,11,661,274.75183323725776,0.0,0.0,0.0,0.0,Healthy,0.0,No action needed; leave as is.
22726,ALARM CLOCK BAKELIKE GREEN,Home Decor,2.1,3.75,906.0859824592416,16.180106829629313,451.0,0.0,5,284,80.90053414814656,0.0,0.0,0.0,0.0,Healthy,0.0,No action needed; leave as is.
15036,ASSORTED COLOURS SILK FAN,General Merchandise,0.48,0.83,1633.7136420980435,29.173457894607917,557.0,0.0,14,421,408.42841052451087,0.0,0.0,0.0,0.0,Healthy,0.0,No action needed; leave as is.
22385,JUMBO BAG SPACEBOY DESIGN,Bags,1.15,1.95,1341.6316773847127,23.957708524727014,758.0,0.0,9,580,215.61937672254314,0.0,0.0,0.0,0.0,Healthy,0.0,No action needed; leave as is.
22077,6 RIBBONS RUSTIC CHARM,General Merchandise,0.86,1.65,972.03457886132,17.357760336809285,0.0,22.0,7,11,121.50432235766499,0.8189364824796939,164.18213189014722,0.0,0.0,Reorder Now,164.18213189014722,Raise a replenishment order before stock runs out.
85152,HAND OVER THE CHOCOLATE   SIGN ,Home Decor,1.21,2.1,991.5375345395212,17.70602740249145,0.0,622.0,7,304,123.94219181744015,0.0,0.0,0.0,0.0,Healthy,0.0,No action needed; leave as is.
85014B,RED RETROSPOT UMBRELLA,General Merchandise,3.76,5.95,284.1850866664679,5.074733690472641,413.0,0.0,8,382,40.59786952378113,0.0,0.0,0.3119005165460826,484.3440741340807,Healthy,484.3440741340807,No action needed; leave as is.
22865,HAND WARMER OWL DESIGN,Home Decor,1.32,2.1,1474.8973660812567,26.337452965736727,2836.0,0.0,6,1474,158.02471779442035,0.0,0.0,0.4799374590686683,1796.6554767727412,Healthy,1796.6554767727412,No action needed; leave as is.
48184,DOORMAT ENGLISH ROSE ,Home Decor,3.64,7.95,319.43447465746686,5.704187047454766,107.0,0.0,5,74,28.52093523727383,0.0,0.0,0.0,0.0,Healthy,0.0,No action needed; leave as is.
23245,SET OF 3 REGENCY CAKE TINS,Storage,2.32,4.95,1020.2237984070274,18.218282114411203,699.0,0.0,3,453,54.65484634323361,0.0,0.0,0.0,0.0,Healthy,0.0,No action needed; leave as is.
21479,WHITE SKULL HOT WATER BOTTLE ,Home & Living,1.91,3.75,1067.4284476309356,19.06122227912385,0.0,339.0,14,244,266.8571119077339,0.0,0.0,0.0,0.0,Healthy,0.0,No action needed; leave as is.
22697,GREEN REGENCY TEACUP AND SAUCER,Kitchen & Dining,1.76,2.95,917.4417019930019,16.38288753558932,406.0,0.0,7,352,114.68021274912523,0.0,0.0,0.0,0.0,Healthy,0.0,No action needed; leave as is.
20679,EDWARDIAN PARASOL RED,General Merchandise,2.71,5.95,316.6833167992848,5.655059228558657,559.0,0.0,3,295,16.96517768567597,0.0,0.0,0.43348243864170877,656.6782114739382,Healthy,656.6782114739382,No action needed; leave as is.
84029G,KNITTED UNION FLAG HOT WATER BOTTLE,Home & Living,1.85,3.75,736.4579280390559,13.151034429268856,189.0,280.0,8,212,105.20827543415085,0.0,0.0,0.0,0.0,Healthy,0.0,No action needed; leave as is.
21217,RED RETROSPOT ROUND CAKE TINS,Storage,5.04,9.95,368.0543025646828,6.572398260083622,156.0,0.0,9,131,59.1515843407526,0.0,0.0,0.0,0.0,Healthy,0.0,No action needed; leave as is.
47590B,PINK HAPPY BIRTHDAY BUNTING,Storage,3.05,5.45,314.5413313773906,5.616809488881975,114.0,0.0,5,44,28.084047444409876,0.0,0.0,0.0,0.0,Healthy,0.0,No action needed; leave as is.
22501,PICNIC BASKET WICKER LARGE,General Merchandise,5.93,9.95,333.00443650938513,5.946507794810449,260.0,0.0,12,194,71.35809353772538,0.0,0.0,0.0,0.0,Healthy,0.0,No action needed; leave as is.
23199,JUMBO BAG APPLES,Bags,1.31,2.08,1012.4106079373634,18.078760856024346,1353.0,0.0,7,1302,126.55132599217042,0.0,0.0,0.25172904069670116,446.17210360205405,Healthy,446.17210360205405,No action needed; leave as is.
22659,LUNCH BOX I LOVE LONDON,Storage,0.92,1.95,1246.9459277157293,22.26689156635231,0.0,22.0,11,10,244.93580722987542,0.9101805479206528,434.72482409825705,0.0,0.0,Reorder Now,434.72482409825705,Raise a replenishment order before stock runs out.
22158,3 HEARTS HANGING DECORATION RUSTIC,Party & Decor,1.65,2.95,680.4051053725603,12.15009116736715,4.0,17.0,13,11,157.95118517577293,0.8670475313203219,404.00599626853017,0.0,0.0,Reorder Now,404.00599626853017,Raise a replenishment order before stock runs out.
22622,BOX OF VINTAGE ALPHABET BLOCKS,Storage,6.06,9.95,181.1271867516798,3.2344140491371394,141.0,0.0,5,90,16.172070245685696,0.0,0.0,0.0,0.0,Healthy,0.0,No action needed; leave as is.
48188,DOORMAT WELCOME PUPPIES,Home Decor,4.68,7.95,152.45867641555998,2.7224763645635712,197.0,0.0,4,160,10.889905458254285,0.0,0.0,0.22609808926111685,208.4533943751793,Healthy,208.4533943751793,No action needed; leave as is.
23355,HOT WATER BOTTLE KEEP CALM,Home & Living,2.64,4.95,909.0551515406605,16.233127706083224,541.0,522.0,10,803,162.33127706083224,0.0,0.0,0.0,0.0,Healthy,0.0,No action needed; leave as is.
22188,BLACK HEART CARD HOLDER,Stationery,2.43,3.95,617.7301356410874,11.030895279305131,0.0,160.0,4,61,44.123581117220525,0.0,0.0,0.0,0.0,Healthy,0.0,No action needed; leave as is.
84978,HANGING HEART JAR T-LIGHT HOLDER,Lighting & Candles,0.6,1.25,1445.135631165607,25.805993413671555,704.0,0.0,10,400,258.0599341367155,0.0,0.0,0.0,0.0,Healthy,0.0,No action needed; leave as is.
22866,HAND WARMER SCOTTY DOG DESIGN,Home Decor,1.05,2.1,1354.8452209542172,24.193664659896736,670.0,1201.0,10,1258,241.93664659896737,0.0,0.0,0.0,0.0,Healthy,0.0,No action needed; leave as is.
21977,PACK OF 60 PINK PAISLEY CAKE CASES,General Merchandise,0.28,0.55,3030.589555452126,54.11767063307368,1387.0,0.0,10,1295,541.1767063307368,0.0,0.0,0.0,0.0,Healthy,0.0,No action needed; leave as is.
82583,HOT BATHS METAL SIGN,Home Decor,1.18,2.1,522.1604569435532,9.324293873992021,215.0,251.0,14,278,130.5401142358883,0.0,0.0,0.0,0.0,Healthy,0.0,No action needed; leave as is.
22492,MINI PAINT SET VINTAGE ,General Merchandise,0.34,0.65,3154.749765346238,56.33481723832568,1846.0,0.0,12,1614,676.0178068599081,0.0,0.0,0.0,0.0,Healthy,0.0,No action needed; leave as is.
20719,WOODLAND CHARLOTTE BAG,Bags,0.45,0.85,1596.788329006756,28.51407730369207,154.0,666.0,8,326,228.11261842953655,0.0,0.0,0.0,0.0,Healthy,0.0,No action needed; leave as is.
22467,GUMBALL COAT RACK,General Merchandise,1.33,2.55,957.4185019087922,17.096758962657002,66.0,463.0,9,280,153.870830663913,0.0,0.0,0.0,0.0,Healthy,0.0,No action needed; leave as is.
21930,JUMBO STORAGE BAG SKULLS,Bags,1.23,1.95,732.4553736587484,13.07956024390622,0.0,383.0,11,325,143.87516268296844,0.0,0.0,0.0,0.0,Healthy,0.0,No action needed; leave as is.
82483,WOOD 2 DRAWER CABINET WHITE FINISH,General Merchandise,3.37,5.95,382.0726141567187,6.8227252527985485,211.0,0.0,3,74,20.468175758395645,0.0,0.0,0.0,0.0,Healthy,0.0,No action needed; leave as is.
72741,GRAND CHOCOLATECANDLE,Lighting & Candles,0.93,1.45,737.5417317522812,13.170388067005021,1167.0,0.0,9,694,118.53349260304519,0.0,0.0,0.36800194365699984,399.39618947037854,Healthy,399.39618947037854,No action needed; leave as is.
22624,IVORY KITCHEN SCALES,Kitchen & Dining,4.69,8.5,208.55576715134933,3.7242101277026665,97.0,78.0,14,135,52.13894178783733,0.0,0.0,0.0,0.0,Healthy,0.0,No action needed; leave as is.
84991,60 TEATIME FAIRY CAKE CASES,General Merchandise,0.32,0.55,2784.4478861142634,49.722283680611845,1612.0,2297.0,10,1787,497.22283680611844,0.0,0.0,0.0,0.0,Healthy,0.0,No action needed; leave as is.
23201,JUMBO BAG ALPHABET,Bags,1.29,2.08,1564.4736510890416,27.937029483732886,686.0,1125.0,13,1121,363.1813832885275,0.0,0.0,0.0,0.0,Healthy,0.0,No action needed; leave as is.
20750,RED RETROSPOT MINI CASES,General Merchandise,5.0,7.95,336.46346226859913,6.00827611193927,57.0,147.0,9,81,54.074485007453426,0.0,0.0,0.0,0.0,Healthy,0.0,No action needed; leave as is.
22734,SET OF 6 RIBBONS VINTAGE CHRISTMAS,Seasonal & Christmas,1.54,2.89,936.9467267876433,16.731191549779346,1659.0,0.0,7,1321,117.11834084845543,0.0,0.0,0.43523404051377734,1111.9620407470293,Healthy,1111.9620407470293,No action needed; leave as is.
71459,HANGING JAM JAR T-LIGHT HOLDER,Lighting & Candles,0.52,0.85,1288.1385548833339,23.002474194345247,857.0,0.0,3,376,69.00742258303575,0.0,0.0,0.0,0.0,Healthy,0.0,No action needed; leave as is.
22961,JAM MAKING SET PRINTED,General Merchandise,0.67,1.45,1573.3579358571815,28.095677426021098,0.0,22.0,14,12,393.33948396429537,0.9440686712193963,538.4422517482283,0.0,0.0,Reorder Now,538.4422517482283,Raise a replenishment order before stock runs out.
22752,SET 7 BABUSHKA NESTING BOXES,Storage,4.54,8.5,616.4231865996469,11.007556903565122,478.0,0.0,3,184,33.022670710695365,0.0,0.0,0.0,0.0,Healthy,0.0,No action needed; leave as is.
22867,HAND WARMER BIRD DESIGN,Home Decor,1.22,2.1,1607.4680047031275,28.704785798270134,863.0,1131.0,8,1372,229.63828638616107,0.0,0.0,0.0,0.0,Healthy,0.0,No action needed; leave as is.
48111,DOORMAT 3 SMILEY CATS,Home Decor,3.98,7.49,173.11311849656957,3.091305687438742,535.0,0.0,12,320,37.095668249264904,0.0,0.0,0.6764240775765056,1440.3097883836533,Markdown / Clear,1440.3097883836533,Promote or discount to free up capital.
20971,PINK BLUE FELT CRAFT TRINKET BOX,Storage,0.81,1.25,1448.1142247965058,25.85918258565189,394.0,660.0,10,728,258.5918258565189,0.0,0.0,0.0,0.0,Healthy,0.0,No action needed; leave as is.
82600,NO SINGING METAL SIGN,Home Decor,0.96,2.1,855.3490587958845,15.274090335640794,449.0,0.0,9,319,137.46681302076715,0.0,0.0,0.0,0.0,Healthy,0.0,No action needed; leave as is.
20711,JUMBO BAG TOYS ,Bags,1.08,1.95,450.5061075031234,8.044751919698632,513.0,0.0,11,339,88.49227111668495,0.0,0.0,0.12182045321028574,67.49340389662672,Healthy,67.49340389662672,No action needed; leave as is.
22507,MEMO BOARD RETROSPOT  DESIGN,Home Decor,2.44,4.95,381.47648910608723,6.812080162608701,93.0,110.0,10,104,68.120801626087,0.0,0.0,0.0,0.0,Healthy,0.0,No action needed; leave as is.
22551,PLASTERS IN TIN SPACEBOY,Storage,1.05,1.65,954.4009345380739,17.042873831037035,305.0,409.0,9,507,153.38586447933332,0.0,0.0,0.0,0.0,Healthy,0.0,No action needed; leave as is.
22835,HOT WATER BOTTLE I AM SO POORLY,Home & Living,2.57,4.65,704.2485575196016,12.575867098564315,415.0,359.0,14,534,176.0621393799004,0.0,0.0,0.0,0.0,Healthy,0.0,No action needed; leave as is.
21080,SET/20 RED RETROSPOT PAPER NAPKINS ,General Merchandise,0.47,0.85,1722.0702365060083,30.751254223321578,1002.0,0.0,11,533,338.26379645653736,0.0,0.0,0.0,0.0,Healthy,0.0,No action needed; leave as is.
22149,FELTCRAFT 6 FLOWER FRIENDS,Garden & Outdoor,0.97,2.1,1105.2307712609822,19.73626377251754,351.0,0.0,9,331,177.62637395265784,0.0,0.0,0.0,0.0,Healthy,0.0,No action needed; leave as is.
22087,PAPER BUNTING WHITE LACE,Storage,1.58,2.95,533.2336109493797,9.522028766953209,212.0,0.0,3,78,28.566086300859627,0.0,0.0,0.0,0.0,Healthy,0.0,No action needed; leave as is.
22084,PAPER CHAIN KIT EMPIRE,General Merchandise,1.64,2.95,1330.128932929935,23.75230237374884,406.0,0.0,9,309,213.77072136373957,0.0,0.0,0.0,0.0,Healthy,0.0,No action needed; leave as is.
84755,COLOUR GLASS T-LIGHT HOLDER HANGING,Lighting & Candles,0.39,0.65,993.5605517740712,17.742152710251272,341.0,600.0,4,351,70.96861084100509,0.0,0.0,0.0,0.0,Healthy,0.0,No action needed; leave as is.
23173,REGENCY TEAPOT ROSES ,Kitchen & Dining,5.81,9.95,723.0952128509157,12.912414515194923,501.0,0.0,12,437,154.94897418233907,0.0,0.0,0.0,0.0,Healthy,0.0,No action needed; leave as is.
22722,SET OF 6 SPICE TINS PANTRY DESIGN,Storage,2.16,3.95,878.9348543359918,15.695265255999853,355.0,0.0,7,174,109.86685679199897,0.0,0.0,0.0,0.0,Healthy,0.0,No action needed; leave as is.
48173C,DOORMAT BLACK FLOCK ,Home Decor,4.47,7.95,144.04505109931824,2.572233055344969,126.0,0.0,8,116,20.57786444275975,0.0,0.0,0.0,0.0,Healthy,0.0,No action needed; leave as is.
84836,ZINC METAL HEART DECORATION,Party & Decor,0.81,1.25,783.0125270226962,13.982366553976718,1523.0,0.0,11,731,153.8060320937439,0.0,0.0,0.48587490018207735,599.3898531116162,Healthy,599.3898531116162,No action needed; leave as is.
84077,WORLD WAR 2 GLIDERS ASSTD DESIGNS,Home Decor,0.14,0.29,4020.2931511196216,71.7909491271361,1020.0,1560.0,14,1694,1005.0732877799054,0.0,0.0,0.0,0.0,Healthy,0.0,No action needed; leave as is.
22728,ALARM CLOCK BAKELIKE PINK,Home Decor,1.77,3.75,1015.0854660724764,18.12652617986565,0.0,301.0,10,248,181.2652617986565,0.0,0.0,0.0,0.0,Healthy,0.0,No action needed; leave as is.
22698,PINK REGENCY TEACUP AND SAUCER,Kitchen & Dining,1.83,2.95,742.9608550366623,13.267158125654685,758.0,0.0,6,283,79.6029487539281,0.0,0.0,0.019840560637648632,27.521635282907923,Healthy,27.521635282907923,No action needed; leave as is.
21231,SWEETHEART CERAMIC TRINKET BOX,Storage,0.67,1.25,677.349896369106,12.095533863734035,35.0,188.0,10,157,120.95533863734035,0.0,0.0,0.0,0.0,Healthy,0.0,No action needed; leave as is.
21955,DOORMAT UNION JACK GUNS AND ROSES,Home Decor,4.71,7.49,328.71270602423215,5.869869750432717,343.0,0.0,5,165,29.349348752163586,0.0,0.0,0.04165391829669928,67.29315462586658,Healthy,67.29315462586658,No action needed; leave as is.
21481,FAWN BLUE HOT WATER BOTTLE,Home & Living,1.52,2.95,539.4958691224185,9.633854805757474,94.0,211.0,8,215,77.0708384460598,0.0,0.0,0.0,0.0,Healthy,0.0,No action needed; leave as is.
21790,VINTAGE SNAP CARDS,Stationery,0.5,0.85,1200.3697107623325,21.435173406470224,0.0,677.0,9,323,192.91656065823202,0.0,0.0,0.0,0.0,Healthy,0.0,No action needed; leave as is.
47590A,BLUE HAPPY BIRTHDAY BUNTING,Storage,2.82,5.45,238.58861697381394,4.260511017389534,111.0,0.0,5,40,21.30255508694767,0.0,0.0,0.0,0.0,Healthy,0.0,No action needed; leave as is.
23344,JUMBO BAG 50'S CHRISTMAS ,Seasonal & Christmas,1.05,2.08,2799.222390569624,49.98611411731472,308.0,0.0,3,193,149.95834235194417,0.0,0.0,0.0,0.0,Healthy,0.0,No action needed; leave as is.
22605,WOODEN CROQUET GARDEN SET,Garden & Outdoor,6.33,12.75,309.7516675973222,5.5312797785236105,184.0,247.0,11,201,60.84407756375972,0.0,0.0,0.0,0.0,Healthy,0.0,No action needed; leave as is.
20972,PINK CREAM FELT CRAFT TRINKET BOX ,Storage,0.79,1.25,1235.169931303123,22.056605916127193,390.0,354.0,10,500,220.56605916127194,0.0,0.0,0.0,0.0,Healthy,0.0,No action needed; leave as is.
47566B,TEA TIME PARTY BUNTING,Storage,2.31,4.95,459.84454577986884,8.211509746069087,128.0,0.0,14,86,114.96113644496722,0.0,0.0,0.0,0.0,Healthy,0.0,No action needed; leave as is.
23243,SET OF TEA COFFEE SUGAR TINS PANTRY,Storage,2.99,4.95,1401.8902974421571,25.033755311467093,820.0,0.0,11,499,275.371308426138,0.0,0.0,0.0,0.0,Healthy,0.0,No action needed; leave as is.
22607,WOODEN ROUNDERS GARDEN SET ,Garden & Outdoor,5.46,8.5,257.0293190805482,4.589809269295503,306.0,0.0,12,256,55.07771123154603,0.0,0.0,0.16003490496552877,267.37991782020686,Healthy,267.37991782020686,No action needed; leave as is.
22625,RED KITCHEN SCALES,Kitchen & Dining,4.58,8.5,192.81421754068484,3.4431110275122294,66.0,94.0,12,67,41.317332330146755,0.0,0.0,0.0,0.0,Healthy,0.0,No action needed; leave as is.
22554,PLASTERS IN TIN WOODLAND ANIMALS,Storage,0.95,1.65,959.7834205038473,17.138989651854416,360.0,0.0,5,224,85.69494825927208,0.0,0.0,0.0,0.0,Healthy,0.0,No action needed; leave as is.
22171,3 HOOK PHOTO SHELF ANTIQUE WHITE,Home Decor,4.11,8.5,363.87481854989227,6.497764616962362,6.0,25.0,7,18,45.48435231873653,0.3184469291161027,123.11699470926054,0.0,0.0,Healthy,123.11699470926054,No action needed; leave as is.
84970S,HANGING HEART ZINC T-LIGHT HOLDER,Lighting & Candles,0.42,0.85,1626.761192009575,29.049307000170984,722.0,0.0,6,412,174.2958420010259,0.0,0.0,0.0,0.0,Healthy,0.0,No action needed; leave as is.
84406B,CREAM CUPID HEARTS COAT HANGER,Kitchen & Dining,1.91,3.25,447.0548147200026,7.983121691428617,389.0,0.0,8,247,63.86497353142894,0.0,0.0,0.0,0.0,Healthy,0.0,No action needed; leave as is.
21936,RED RETROSPOT PICNIC BAG,Bags,1.36,2.95,636.5269553791367,11.36655277462744,253.0,0.0,8,114,90.93242219701952,0.0,0.0,0.0,0.0,Healthy,0.0,No action needed; leave as is.
21314,SMALL GLASS HEART TRINKET POT,General Merchandise,1.24,2.1,685.2345203509262,12.236330720552255,228.0,0.0,8,216,97.89064576441804,0.0,0.0,0.0,0.0,Healthy,0.0,No action needed; leave as is.
85014A,BLACK/BLUE POLKADOT UMBRELLA,General Merchandise,3.25,5.95,310.72801531276644,5.548714559156544,548.0,0.0,6,376,33.29228735493926,0.0,0.0,0.43297807424677653,771.133950233509,Healthy,771.133950233509,No action needed; leave as is.
22556,PLASTERS IN TIN CIRCUS PARADE ,Storage,0.99,1.65,914.2080346211767,16.325143475378155,204.0,541.0,3,312,48.975430426134466,0.0,0.0,0.0,0.0,Healthy,0.0,No action needed; leave as is.
20749,ASSORTED COLOUR MINI CASES,General Merchandise,3.68,7.95,455.9675756406465,8.142278136440115,0.0,131.0,10,50,81.42278136440115,0.0,0.0,0.0,0.0,Healthy,0.0,No action needed; leave as is.
22113,GREY HEART HOT WATER BOTTLE,Home & Living,2.31,3.75,680.8326644527942,12.157726150942754,9.0,209.0,12,158,145.89271381131306,0.0,0.0,0.0,0.0,Healthy,0.0,No action needed; leave as is.
22499,WOODEN UNION JACK BUNTING,Storage,3.81,5.95,456.36109513129554,8.149305270201706,347.0,0.0,8,165,65.19444216161365,0.0,0.0,0.0,0.0,Healthy,0.0,No action needed; leave as is.
21791,VINTAGE HEADS AND TAILS CARD GAME ,Stationery,0.7,1.25,923.5092079459228,16.49123585617719,296.0,0.0,3,180,49.47370756853157,0.0,0.0,0.0,0.0,Healthy,0.0,No action needed; leave as is.
22585,PACK OF 6 BIRDY GIFT TAGS,Garden & Outdoor,0.56,1.25,708.6068300529398,12.653693393802497,1140.0,0.0,8,578,101.22954715041998,0.0,0.0,0.3784150613570703,241.58017517035373,Healthy,241.58017517035373,No action needed; leave as is.
21210,SET OF 72 RETROSPOT PAPER  DOILIES,General Merchandise,0.68,1.45,871.5315675975417,15.563063707098959,434.0,293.0,12,504,186.7567644851875,0.0,0.0,0.0,0.0,Healthy,0.0,No action needed; leave as is.
23202,JUMBO BAG VINTAGE LEAF,Bags,1.04,2.08,1781.9696288693603,31.820886229810007,775.0,788.0,12,1303,381.85063475772006,0.0,0.0,0.0,0.0,Healthy,0.0,No action needed; leave as is.
23209,LUNCH BAG VINTAGE DOILY ,Bags,0.78,1.65,2321.8617364135343,41.46181672167025,1639.0,0.0,10,1364,414.61816721670255,0.0,0.0,0.0,0.0,Healthy,0.0,No action needed; leave as is.
21213,PACK OF 72 SKULL CAKE CASES,General Merchandise,0.26,0.55,2024.0190918568999,36.14319806887321,1336.0,0.0,12,893,433.71837682647856,0.0,0.0,0.0,0.0,Healthy,0.0,No action needed; leave as is.
22969,HOMEMADE JAM SCENTED CANDLES,Lighting & Candles,0.79,1.45,1571.8088224926962,28.068014687369576,1067.0,0.0,8,725,224.5441174989566,0.0,0.0,0.0,0.0,Healthy,0.0,No action needed; leave as is.
22941,CHRISTMAS LIGHTS 10 REINDEER,Seasonal & Christmas,4.99,8.5,631.1651137279346,11.270805602284545,274.0,0.0,4,155,45.08322240913818,0.0,0.0,0.0,0.0,Healthy,0.0,No action needed; leave as is.
22456,NATURAL SLATE CHALKBOARD LARGE ,General Merchandise,2.45,4.95,322.34694423911145,5.756195432841276,265.0,0.0,14,188,80.58673605977786,0.0,0.0,0.0,0.0,Healthy,0.0,No action needed; leave as is.
84997A,GREEN 3 PIECE MINI DOTS CUTLERY SET,General Merchandise,1.94,3.75,604.414613105361,10.79311809116716,0.0,88.0,14,87,151.10365327634025,0.4176183163549031,236.63869978627594,0.0,0.0,Healthy,236.63869978627594,No action needed; leave as is.
23206,LUNCH BAG APPLE DESIGN,Bags,0.95,1.65,1679.8091940149757,29.99659275026742,1242.0,0.0,3,869,89.98977825080226,0.0,0.0,0.0,0.0,Healthy,0.0,No action needed; leave as is.
48116,DOORMAT MULTICOLOUR STRIPE,Home Decor,4.73,7.49,56.00499406111089,1.0000891796626945,197.0,0.0,4,108,4.000356718650778,0.0,0.0,0.7157106900451223,666.9063780909455,Markdown / Clear,666.9063780909455,Promote or discount to free up capital.
21218,RED SPOTTY BISCUIT TIN,Storage,1.88,3.75,322.4182242879432,5.757468290856129,392.0,0.0,14,257,80.6045560719858,0.0,0.0,0.17750452987769594,130.8137383386668,Healthy,130.8137383386668,No action needed; leave as is.
85048,15CM CHRISTMAS GLASS BALL 20 LIGHTS,Seasonal & Christmas,4.75,7.95,145.50204728426723,2.598250844361915,21.0,38.0,4,28,10.39300337744766,0.0,0.0,0.0,0.0,Healthy,0.0,No action needed; leave as is.
22294,HEART FILIGREE DOVE  SMALL,General Merchandise,0.58,1.25,520.8481457395211,9.30085974534859,858.0,0.0,9,506,83.70773770813732,0.0,0.0,0.39295087909146725,195.54807547107774,Healthy,195.54807547107774,No action needed; leave as is.
22632,HAND WARMER RED RETROSPOT,Home & Living,1.26,2.1,851.3979301774746,15.203534467454903,2248.0,0.0,12,1413,182.44241360945884,0.0,0.0,0.6212642659352872,1759.7186079763821,Markdown / Clear,1759.7186079763821,Promote or discount to free up capital.
22356,CHARLOTTE BAG PINK POLKADOT,Bags,0.53,0.85,1482.1419561022522,26.466820644683075,899.0,0.0,11,646,291.13502709151385,0.0,0.0,0.0,0.0,Healthy,0.0,No action needed; leave as is.
22693,GROW A FLYTRAP OR SUNFLOWER IN TIN,Storage,0.6,1.25,1658.2827941767248,29.6121927531558,38.0,0.0,10,104,296.121927531558,0.8716744811275406,322.6524094144475,0.0,0.0,Reorder Now,322.6524094144475,Raise a replenishment order before stock runs out.
22424,ENAMEL BREAD BIN CREAM,General Merchandise,7.9,12.75,440.4356075208999,7.864921562873213,104.0,80.0,13,128,102.24398031735177,0.0,0.0,0.0,0.0,Healthy,0.0,No action needed; leave as is.
21559,STRAWBERRY LUNCH BOX WITH CUTLERY,Storage,1.57,2.55,372.9758585320357,6.660283188072066,136.0,297.0,3,152,19.9808495642162,0.0,0.0,0.0,0.0,Healthy,0.0,No action needed; leave as is.
20723,STRAWBERRY CHARLOTTE BAG,Bags,0.45,0.85,1088.3485554375538,19.43479563281346,122.0,420.0,12,237,233.21754759376154,0.0,0.0,0.0,0.0,Healthy,0.0,No action needed; leave as is.
85150,LADIES & GENTLEMEN METAL SIGN,Home Decor,1.21,2.55,503.0337126183939,8.982744868185605,64.0,207.0,9,174,80.84470381367045,0.0,0.0,0.0,0.0,Healthy,0.0,No action needed; leave as is.
37449,CERAMIC CAKE STAND + HANGING CAKES,General Merchandise,6.08,9.95,321.4780409547511,5.740679302763413,74.0,0.0,3,39,17.22203790829024,0.0,0.0,0.0,0.0,Healthy,0.0,No action needed; leave as is.
21216,"SET 3 RETROSPOT TEA,COFFEE,SUGAR",General Merchandise,2.91,4.95,305.5205469965316,5.455724053509493,134.0,0.0,8,117,43.64579242807594,0.0,0.0,0.0,0.0,Healthy,0.0,No action needed; leave as is.
