sku_id,description,category,subcategory,launch_date,unit_cost,list_price
22423,REGENCY CAKESTAND 3 TIER,General Merchandise,General Merchandise,2010-03-15,6.31,12.75
85123A,WHITE HANGING HEART T-LIGHT HOLDER,Lighting & Candles,Lighting & Candles,2009-12-01,1.66,2.95
85099B,JUMBO BAG RED RETROSPOT,Bags,Bags,2009-12-01,0.93,1.95
47566,PARTY BUNTING,Storage,Storage,2009-12-01,2.53,4.95
84879,ASSORTED COLOUR BIRD ORNAMENT,Garden & Outdoor,Garden & Outdoor,2009-12-01,1.07,1.69
22086,PAPER CHAIN KIT 50'S CHRISTMAS ,Seasonal & Christmas,Seasonal & Christmas,2009-12-01,1.34,2.95
79321,CHILLI LIGHTS,Lighting & Candles,Lighting & Candles,2009-12-01,2.46,4.95
22197,SMALL POPCORN HOLDER,General Merchandise,General Merchandise,2009-12-01,0.42,0.85
22386,JUMBO BAG PINK POLKADOT,Bags,Bags,2010-01-29,1.22,1.95
84347,ROTATING SILVER ANGELS T-LIGHT HLDR,Lighting & Candles,Lighting & Candles,2009-12-01,1.43,2.55
20725,LUNCH BAG RED RETROSPOT,Bags,Bags,2009-12-01,0.95,1.65
85099F,JUMBO BAG STRAWBERRY,Bags,Bags,2009-12-01,0.91,1.95
23084,RABBIT NIGHT LIGHT,Lighting & Candles,Lighting & Candles,2011-05-10,1.08,2.08
48138,DOORMAT UNION FLAG,Home Decor,Home Decor,2009-12-15,3.64,7.49
20685,DOORMAT RED RETROSPOT,Home Decor,Home Decor,2009-12-01,4.2,7.49
21137,BLACK RECORD COVER FRAME,Home Decor,Home Decor,2009-12-01,2.27,3.75
21931,JUMBO STORAGE BAG SUKI,Bags,Bags,2009-12-01,1.05,1.95
22502,PICNIC BASKET WICKER SMALL,General Merchandise,General Merchandise,2010-05-23,3.79,5.95
21621,VINTAGE UNION JACK BUNTING,Storage,Storage,2009-12-01,4.12,8.5
21843,RED RETROSPOT CAKE STAND,General Merchandise,General Merchandise,2009-12-01,5.73,10.95
15056N,EDWARDIAN PARASOL NATURAL,General Merchandise,General Merchandise,2009-12-01,2.97,5.95
85099C,JUMBO  BAG BAROQUE BLACK WHITE,Bags,Bags,2009-12-01,1.13,1.95
22114,HOT WATER BOTTLE TEA AND SYMPATHY,Home & Living,Home & Living,2009-12-01,1.8,3.95
22910,PAPER CHAIN KIT VINTAGE CHRISTMAS,Seasonal & Christmas,Seasonal & Christmas,2010-09-19,1.39,2.95
22112,CHOCOLATE HOT WATER BOTTLE,Home & Living,Home & Living,2009-12-01,2.45,4.95
22411,JUMBO SHOPPER VINTAGE RED PAISLEY,General Merchandise,General Merchandise,2010-01-29,1.19,1.95
82484,WOOD BLACK BOARD ANT WHITE FINISH,General Merchandise,General Merchandise,2009-12-08,3.76,6.75
22470,HEART OF WICKER LARGE,General Merchandise,General Merchandise,2010-04-22,1.89,2.95
20914,SET/5 RED RETROSPOT LID GLASS BOWLS,Kitchen & Dining,Kitchen & Dining,2009-12-01,1.83,2.95
21212,PACK OF 72 RETROSPOT CAKE CASES,General Merchandise,General Merchandise,2009-12-01,0.28,0.55
22178,VICTORIAN GLASS HANGING T-LIGHT,Lighting & Candles,Lighting & Candles,2009-12-01,0.63,1.25
22139,RETROSPOT TEA SET CERAMIC 11 PC ,General Merchandise,General Merchandise,2009-12-01,2.26,4.95
21181,PLEASE ONE PERSON METAL SIGN,Home Decor,Home Decor,2009-12-01,1.23,2.1
21733,RED HANGING HEART T-LIGHT HOLDER,Lighting & Candles,Lighting & Candles,2009-12-01,1.7,2.95
21929,JUMBO BAG PINK VINTAGE PAISLEY,Bags,Bags,2009-12-01,1.08,1.95
22090,PAPER BUNTING RETROSPOT,Storage,Storage,2009-12-01,1.81,2.95
22189,CREAM HEART CARD HOLDER,Stationery,Stationery,2009-12-01,2.46,3.95
22111,SCOTTIE DOG HOT WATER BOTTLE,Home & Living,Home & Living,2009-12-01,2.75,4.95
84946,ANTIQUE SILVER TEA GLASS ETCHED,General Merchandise,General Merchandise,2009-12-01,0.76,1.25
48194,DOORMAT HEARTS,Home Decor,Home Decor,2009-12-01,4.1,7.95
22469,HEART OF WICKER SMALL,General Merchandise,General Merchandise,2010-04-22,0.93,1.65
21232,STRAWBERRY CERAMIC TRINKET BOX,Storage,Storage,2009-12-01,0.6,1.25
15056BL,EDWARDIAN PARASOL BLACK,General Merchandise,General Merchandise,2009-12-01,3.03,5.95
22457,NATURAL SLATE HEART CHALKBOARD ,General Merchandise,General Merchandise,2010-03-04,1.73,2.95
21731,RED TOADSTOOL LED NIGHT LIGHT,Lighting & Candles,Lighting & Candles,2009-12-01,0.8,1.65
48187,DOORMAT NEW ENGLAND,Home Decor,Home Decor,2009-12-01,3.66,7.49
21754,HOME BUILDING BLOCK WORD,General Merchandise,General Merchandise,2009-12-01,3.41,5.95
21523,DOORMAT FANCY FONT HOME SWEET HOME,Home Decor,Home Decor,2009-12-01,4.71,7.95
21928,JUMBO BAG SCANDINAVIAN PAISLEY,Bags,Bags,2009-12-01,1.0,1.95
82494L,WOODEN FRAME ANTIQUE WHITE ,Home Decor,Home Decor,2009-12-01,1.84,2.95
22355,CHARLOTTE BAG SUKI DESIGN,Bags,Bags,2009-12-01,0.52,0.85
21623,VINTAGE UNION JACK MEMOBOARD,General Merchandise,General Merchandise,2010-01-24,6.45,9.95
22326,ROUND SNACK BOXES SET OF4 WOODLAND ,Storage,Storage,2010-01-07,1.45,2.95
20727,LUNCH BAG  BLACK SKULL.,Bags,Bags,2009-12-01,0.85,1.65
22383,LUNCH BAG SUKI  DESIGN ,Bags,Bags,2010-01-22,0.84,1.65
84997D,PINK 3 PIECE MINI DOTS CUTLERY SET,General Merchandise,General Merchandise,2009-12-01,1.85,3.75
84029E,RED WOOLLY HOTTIE WHITE HEART.,General Merchandise,General Merchandise,2009-12-01,2.09,3.75
23298,SPOTTY BUNTING,Storage,Storage,2011-05-04,2.65,4.95
22138,BAKING SET 9 PIECE RETROSPOT ,General Merchandise,General Merchandise,2009-12-01,3.08,4.95
21915,RED  HARMONICA IN BOX ,Storage,Storage,2009-12-04,0.78,1.25
48185,DOORMAT FAIRY CAKE,Home Decor,Home Decor,2009-12-01,4.1,7.95
23203,JUMBO BAG VINTAGE DOILY ,Bags,Bags,2011-05-06,1.16,2.08
82482,WOODEN PICTURE FRAME WHITE FINISH,Home Decor,Home Decor,2009-12-01,1.37,2.55
20728,LUNCH BAG CARS BLUE,Bags,Bags,2009-12-01,0.82,1.65
20713,JUMBO BAG OWLS,Bags,Bags,2009-12-01,1.02,1.95
21175,GIN + TONIC DIET METAL SIGN,Home Decor,Home Decor,2009-12-01,1.13,2.1
22083,PAPER CHAIN KIT RETROSPOT,General Merchandise,General Merchandise,2009-12-01,1.59,2.95
84078A,SET/4 WHITE RETRO STORAGE CUBES ,Storage,Storage,2009-12-02,23.54,39.95
84997B,RED 3 PIECE MINI DOTS CUTLERY SET,General Merchandise,General Merchandise,2009-12-01,2.41,3.75
22629,SPACEBOY LUNCH BOX ,Storage,Storage,2010-07-01,1.1,1.95
71477,COLOUR GLASS. STAR T-LIGHT HOLDER,Lighting & Candles,Lighting & Candles,2009-12-01,1.97,3.25
22720,SET OF 3 CAKE TINS PANTRY DESIGN ,Storage,Storage,2010-12-13,2.81,4.95
22960,JAM MAKING SET WITH JARS,General Merchandise,General Merchandise,2010-11-28,2.04,4.25
85066,CREAM SWEETHEART MINI CHEST,General Merchandise,General Merchandise,2009-12-01,7.69,12.75
82486,WOOD S/3 CABINET ANT WHITE FINISH,General Merchandise,General Merchandise,2009-12-01,5.07,7.95
21166,COOK WITH WINE METAL SIGN ,Home Decor,Home Decor,2009-12-01,1.16,1.95
20712,JUMBO BAG WOODLAND ANIMALS,Bags,Bags,2009-12-01,1.23,2.08
20726,LUNCH BAG WOODLAND,Bags,Bags,2009-12-01,0.85,1.65
22699,ROSES REGENCY TEACUP AND SAUCER ,Kitchen & Dining,Kitchen & Dining,2010-08-11,1.59,2.95
21485,RETROSPOT HEART HOT WATER BOTTLE,Home & Living,Home & Living,2009-12-01,2.44,4.95
23284,DOORMAT KEEP CALM AND COME IN,Home Decor,Home Decor,2011-04-27,4.11,7.95
22727,ALARM CLOCK BAKELIKE RED ,Home Decor,Home Decor,2010-09-24,2.13,3.75
21524,DOORMAT SPOTTY HOME SWEET HOME,Home Decor,Home Decor,2009-12-01,3.87,7.95
84997C,BLUE 3 PIECE MINI DOTS CUTLERY SET,General Merchandise,General Merchandise,2009-12-01,2.31,3.75
20724,RED RETROSPOT CHARLOTTE BAG,Bags,Bags,2009-12-01,0.55,0.85
21755,LOVE BUILDING BLOCK WORD,General Merchandise,General Merchandise,2009-12-01,3.76,5.95
22379,RECYCLING BAG RETROSPOT ,Bags,Bags,2010-01-25,1.06,2.1
22328,ROUND SNACK BOXES SET OF 4 FRUITS ,Storage,Storage,2010-01-07,1.64,2.95
22382,LUNCH BAG SPACEBOY DESIGN ,Bags,Bags,2010-01-22,1.02,1.65
22384,LUNCH BAG PINK POLKADOT,Bags,Bags,2010-01-25,0.91,1.65
22666,RECIPE BOX PANTRY YELLOW DESIGN,Storage,Storage,2010-07-09,1.83,2.95
22630,DOLLY GIRL LUNCH BOX,Storage,Storage,2010-07-01,1.0,1.95
22726,ALARM CLOCK BAKELIKE GREEN,Home Decor,Home Decor,2010-09-24,2.1,3.75
15036,ASSORTED COLOURS SILK FAN,General Merchandise,General Merchandise,2009-12-01,0.48,0.83
22385,JUMBO BAG SPACEBOY DESIGN,Bags,Bags,2010-01-29,1.15,1.95
22077,6 RIBBONS RUSTIC CHARM,General Merchandise,General Merchandise,2009-12-01,0.86,1.65
85152,HAND OVER THE CHOCOLATE   SIGN ,Home Decor,Home Decor,2009-12-01,1.21,2.1
85014B,RED RETROSPOT UMBRELLA,General Merchandise,General Merchandise,2009-12-01,3.76,5.95
22865,HAND WARMER OWL DESIGN,Home Decor,Home Decor,2010-09-10,1.32,2.1
48184,DOORMAT ENGLISH ROSE ,Home Decor,Home Decor,2009-12-01,3.64,7.95
23245,SET OF 3 REGENCY CAKE TINS,Storage,Storage,2011-06-08,2.32,4.95
21479,WHITE SKULL HOT WATER BOTTLE ,Home & Living,Home & Living,2009-12-01,1.91,3.75
22697,GREEN REGENCY TEACUP AND SAUCER,Kitchen & Dining,Kitchen & Dining,2010-08-11,1.76,2.95
20679,EDWARDIAN PARASOL RED,General Merchandise,General Merchandise,2009-12-01,2.71,5.95
84029G,KNITTED UNION FLAG HOT WATER BOTTLE,Home & Living,Home & Living,2009-12-01,1.85,3.75
21217,RED RETROSPOT ROUND CAKE TINS,Storage,Storage,2009-12-01,5.04,9.95
47590B,PINK HAPPY BIRTHDAY BUNTING,Storage,Storage,2009-12-07,3.05,5.45
22501,PICNIC BASKET WICKER LARGE,General Merchandise,General Merchandise,2010-05-21,5.93,9.95
23199,JUMBO BAG APPLES,Bags,Bags,2011-04-11,1.31,2.08
22659,LUNCH BOX I LOVE LONDON,Storage,Storage,2010-03-14,0.92,1.95
22158,3 HEARTS HANGING DECORATION RUSTIC,Party & Decor,Party & Decor,2009-12-03,1.65,2.95
22622,BOX OF VINTAGE ALPHABET BLOCKS,Storage,Storage,2010-05-07,6.06,9.95
48188,DOORMAT WELCOME PUPPIES,Home Decor,Home Decor,2009-12-01,4.68,7.95
23355,HOT WATER BOTTLE KEEP CALM,Home & Living,Home & Living,2011-08-22,2.64,4.95
22188,BLACK HEART CARD HOLDER,Stationery,Stationery,2009-12-14,2.43,3.95
84978,HANGING HEART JAR T-LIGHT HOLDER,Lighting & Candles,Lighting & Candles,2009-12-04,0.6,1.25
22866,HAND WARMER SCOTTY DOG DESIGN,Home Decor,Home Decor,2010-09-10,1.05,2.1
21977,PACK OF 60 PINK PAISLEY CAKE CASES,General Merchandise,General Merchandise,2009-12-01,0.28,0.55
82583,HOT BATHS METAL SIGN,Home Decor,Home Decor,2009-12-01,1.18,2.1
22492,MINI PAINT SET VINTAGE ,General Merchandise,General Merchandise,2010-05-06,0.34,0.65
20719,WOODLAND CHARLOTTE BAG,Bags,Bags,2009-12-01,0.45,0.85
22467,GUMBALL COAT RACK,General Merchandise,General Merchandise,2010-03-04,1.33,2.55
21930,JUMBO STORAGE BAG SKULLS,Bags,Bags,2009-12-01,1.23,1.95
82483,WOOD 2 DRAWER CABINET WHITE FINISH,General Merchandise,General Merchandise,2009-12-01,3.37,5.95
72741,GRAND CHOCOLATECANDLE,Lighting & Candles,Lighting & Candles,2009-12-01,0.93,1.45
22624,IVORY KITCHEN SCALES,Kitchen & Dining,Kitchen & Dining,2010-05-04,4.69,8.5
84991,60 TEATIME FAIRY CAKE CASES,General Merchandise,General Merchandise,2009-12-01,0.32,0.55
23201,JUMBO BAG ALPHABET,Bags,Bags,2011-04-11,1.29,2.08
20750,RED RETROSPOT MINI CASES,General Merchandise,General Merchandise,2009-12-01,5.0,7.95
22734,SET OF 6 RIBBONS VINTAGE CHRISTMAS,Seasonal & Christmas,Seasonal & Christmas,2010-09-16,1.54,2.89
71459,HANGING JAM JAR T-LIGHT HOLDER,Lighting & Candles,Lighting & Candles,2009-12-02,0.52,0.85
22961,JAM MAKING SET PRINTED,General Merchandise,General Merchandise,2010-07-23,0.67,1.45
22752,SET 7 BABUSHKA NESTING BOXES,Storage,Storage,2010-08-06,4.54,8.5
22867,HAND WARMER BIRD DESIGN,Home Decor,Home Decor,2010-09-10,1.22,2.1
48111,DOORMAT 3 SMILEY CATS,Home Decor,Home Decor,2009-12-01,3.98,7.49
20971,PINK BLUE FELT CRAFT TRINKET BOX,Storage,Storage,2009-12-01,0.81,1.25
82600,NO SINGING METAL SIGN,Home Decor,Home Decor,2009-12-01,0.96,2.1
20711,JUMBO BAG TOYS ,Bags,Bags,2009-12-01,1.08,1.95
22507,MEMO BOARD RETROSPOT  DESIGN,Home Decor,Home Decor,2010-03-11,2.44,4.95
22551,PLASTERS IN TIN SPACEBOY,Storage,Storage,2010-03-25,1.05,1.65
22835,HOT WATER BOTTLE I AM SO POORLY,Home & Living,Home & Living,2010-09-12,2.57,4.65
21080,SET/20 RED RETROSPOT PAPER NAPKINS ,General Merchandise,General Merchandise,2009-12-01,0.47,0.85
22149,FELTCRAFT 6 FLOWER FRIENDS,Garden & Outdoor,Garden & Outdoor,2009-12-01,0.97,2.1
22087,PAPER BUNTING WHITE LACE,Storage,Storage,2009-12-01,1.58,2.95
22084,PAPER CHAIN KIT EMPIRE,General Merchandise,General Merchandise,2009-12-02,1.64,2.95
84755,COLOUR GLASS T-LIGHT HOLDER HANGING,Lighting & Candles,Lighting & Candles,2009-12-01,0.39,0.65
23173,REGENCY TEAPOT ROSES ,Kitchen & Dining,Kitchen & Dining,2011-05-10,5.81,9.95
22722,SET OF 6 SPICE TINS PANTRY DESIGN,Storage,Storage,2010-11-11,2.16,3.95
48173C,DOORMAT BLACK FLOCK ,Home Decor,Home Decor,2009-12-01,4.47,7.95
84836,ZINC METAL HEART DECORATION,Party & Decor,Party & Decor,2009-12-01,0.81,1.25
84077,WORLD WAR 2 GLIDERS ASSTD DESIGNS,Home Decor,Home Decor,2009-12-01,0.14,0.29
22728,ALARM CLOCK BAKELIKE PINK,Home Decor,Home Decor,2010-09-24,1.77,3.75
22698,PINK REGENCY TEACUP AND SAUCER,Kitchen & Dining,Kitchen & Dining,2010-08-11,1.83,2.95
21231,SWEETHEART CERAMIC TRINKET BOX,Storage,Storage,2009-12-01,0.67,1.25
21955,DOORMAT UNION JACK GUNS AND ROSES,Home Decor,Home Decor,2009-12-01,4.71,7.49
21481,FAWN BLUE HOT WATER BOTTLE,Home & Living,Home & Living,2009-12-01,1.52,2.95
21790,VINTAGE SNAP CARDS,Stationery,Stationery,2009-12-01,0.5,0.85
47590A,BLUE HAPPY BIRTHDAY BUNTING,Storage,Storage,2009-12-02,2.82,5.45
23344,JUMBO BAG 50'S CHRISTMAS ,Seasonal & Christmas,Seasonal & Christmas,2011-06-15,1.05,2.08
22605,WOODEN CROQUET GARDEN SET,Garden & Outdoor,Garden & Outdoor,2010-04-08,6.33,12.75
20972,PINK CREAM FELT CRAFT TRINKET BOX ,Storage,Storage,2009-12-01,0.79,1.25
47566B,TEA TIME PARTY BUNTING,Storage,Storage,2009-12-01,2.31,4.95
23243,SET OF TEA COFFEE SUGAR TINS PANTRY,Storage,Storage,2011-06-08,2.99,4.95
22607,WOODEN ROUNDERS GARDEN SET ,Garden & Outdoor,Garden & Outdoor,2010-04-08,5.46,8.5
22625,RED KITCHEN SCALES,Kitchen & Dining,Kitchen & Dining,2010-05-04,4.58,8.5
22554,PLASTERS IN TIN WOODLAND ANIMALS,Storage,Storage,2010-03-25,0.95,1.65
22171,3 HOOK PHOTO SHELF ANTIQUE WHITE,Home Decor,Home Decor,2009-12-01,4.11,8.5
84970S,HANGING HEART ZINC T-LIGHT HOLDER,Lighting & Candles,Lighting & Candles,2009-12-01,0.42,0.85
84406B,CREAM CUPID HEARTS COAT HANGER,Kitchen & Dining,Kitchen & Dining,2009-12-01,1.91,3.25
21936,RED RETROSPOT PICNIC BAG,Bags,Bags,2009-12-02,1.36,2.95
21314,SMALL GLASS HEART TRINKET POT,General Merchandise,General Merchandise,2009-12-01,1.24,2.1
85014A,BLACK/BLUE POLKADOT UMBRELLA,General Merchandise,General Merchandise,2009-12-01,3.25,5.95
22556,PLASTERS IN TIN CIRCUS PARADE ,Storage,Storage,2010-03-25,0.99,1.65
20749,ASSORTED COLOUR MINI CASES,General Merchandise,General Merchandise,2009-12-01,3.68,7.95
22113,GREY HEART HOT WATER BOTTLE,Home & Living,Home & Living,2009-12-01,2.31,3.75
22499,WOODEN UNION JACK BUNTING,Storage,Storage,2010-02-02,3.81,5.95
21791,VINTAGE HEADS AND TAILS CARD GAME ,Stationery,Stationery,2009-12-01,0.7,1.25
22585,PACK OF 6 BIRDY GIFT TAGS,Garden & Outdoor,Garden & Outdoor,2010-03-10,0.56,1.25
21210,SET OF 72 RETROSPOT PAPER  DOILIES,General Merchandise,General Merchandise,2009-12-01,0.68,1.45
23202,JUMBO BAG VINTAGE LEAF,Bags,Bags,2011-05-06,1.04,2.08
23209,LUNCH BAG VINTAGE DOILY ,Bags,Bags,2011-05-08,0.78,1.65
21213,PACK OF 72 SKULL CAKE CASES,General Merchandise,General Merchandise,2009-12-01,0.26,0.55
22969,HOMEMADE JAM SCENTED CANDLES,Lighting & Candles,Lighting & Candles,2010-11-21,0.79,1.45
22941,CHRISTMAS LIGHTS 10 REINDEER,Seasonal & Christmas,Seasonal & Christmas,2010-10-21,4.99,8.5
22456,NATURAL SLATE CHALKBOARD LARGE ,General Merchandise,General Merchandise,2010-03-04,2.45,4.95
84997A,GREEN 3 PIECE MINI DOTS CUTLERY SET,General Merchandise,General Merchandise,2009-12-01,1.94,3.75
23206,LUNCH BAG APPLE DESIGN,Bags,Bags,2011-04-11,0.95,1.65
48116,DOORMAT MULTICOLOUR STRIPE,Home Decor,Home Decor,2009-12-01,4.73,7.49
21218,RED SPOTTY BISCUIT TIN,Storage,Storage,2009-12-01,1.88,3.75
85048,15CM CHRISTMAS GLASS BALL 20 LIGHTS,Seasonal & Christmas,Seasonal & Christmas,2009-12-01,4.75,7.95
22294,HEART FILIGREE DOVE  SMALL,General Merchandise,General Merchandise,2009-12-01,0.58,1.25
22632,HAND WARMER RED RETROSPOT,Home & Living,Home & Living,2010-09-20,1.26,2.1
22356,CHARLOTTE BAG PINK POLKADOT,Bags,Bags,2009-12-01,0.53,0.85
22693,GROW A FLYTRAP OR SUNFLOWER IN TIN,Storage,Storage,2010-08-05,0.6,1.25
22424,ENAMEL BREAD BIN CREAM,General Merchandise,General Merchandise,2010-05-16,7.9,12.75
21559,STRAWBERRY LUNCH BOX WITH CUTLERY,Storage,Storage,2009-12-01,1.57,2.55
20723,STRAWBERRY CHARLOTTE BAG,Bags,Bags,2009-12-01,0.45,0.85
85150,LADIES & GENTLEMEN METAL SIGN,Home Decor,Home Decor,2009-12-01,1.21,2.55
37449,CERAMIC CAKE STAND + HANGING CAKES,General Merchandise,General Merchandise,2009-12-01,6.08,9.95
21216,"SET 3 RETROSPOT TEA,COFFEE,SUGAR",General Merchandise,General Merchandise,2009-12-01,2.91,4.95
