sku_id,week_start,pred
15036,2011-12-12,106.52586640467415
15056BL,2011-12-12,53.302844147331676
15056N,2011-12-12,80.29245049018756
20679,2011-12-12,34.011958801631344
20685,2011-12-12,71.31980576682291
20711,2011-12-12,23.772040534347635
20712,2011-12-12,92.0335672375981
20713,2011-12-12,166.53472098221
20719,2011-12-12,209.53277687658706
20723,2011-12-12,166.28484611803907
20724,2011-12-12,265.6184383463278
20725,2011-12-12,233.54090438732544
20726,2011-12-12,169.07551738544208
20727,2011-12-12,218.0204427389165
20728,2011-12-12,203.32747260388606
20749,2011-12-12,88.61146739040163
20750,2011-12-12,41.069775696160924
20914,2011-12-12,108.9009617366027
20971,2011-12-12,205.9347471300542
20972,2011-12-12,154.22253265639864
21080,2011-12-12,185.82325413559678
21137,2011-12-12,310.6489313015005
21166,2011-12-12,238.93664682963256
21175,2011-12-12,224.83852179354335
21181,2011-12-12,305.86106135638835
21210,2011-12-12,103.98339665616646
21212,2011-12-12,522.4865807193136
21213,2011-12-12,290.7296323536108
21216,2011-12-12,61.506145443705755
21217,2011-12-12,64.742233335131
21218,2011-12-12,37.82935399398718
21231,2011-12-12,94.3692019067032
21232,2011-12-12,187.94003882947376
21314,2011-12-12,121.87744539067636
21479,2011-12-12,213.1606989974995
21481,2011-12-12,128.26501709208216
21485,2011-12-12,121.00177095240862
21523,2011-12-12,62.364263691274616
21524,2011-12-12,34.4821590192853
21559,2011-12-12,36.41279291920104
21621,2011-12-12,33.31902183901732
21623,2011-12-12,56.94444000830951
21731,2011-12-12,231.6924739138099
21733,2011-12-12,177.4671496254528
21754,2011-12-12,40.935652487221276
21755,2011-12-12,47.12404996423663
21790,2011-12-12,260.70249256553456
21791,2011-12-12,167.871895773848
21843,2011-12-12,56.6351847074746
21915,2011-12-12,492.46840946107756
21928,2011-12-12,161.22290300195607
21929,2011-12-12,148.5777102296423
21930,2011-12-12,112.47110446313344
21931,2011-12-12,255.42120489356145
21936,2011-12-12,68.35657356875032
21955,2011-12-12,23.37056324801038
21977,2011-12-12,291.5663343995739
22077,2011-12-12,161.34526261576312
22083,2011-12-12,111.46952775467452
22084,2011-12-12,111.29626533605136
22086,2011-12-12,1010.6963379313322
22087,2011-12-12,62.85483502067999
22090,2011-12-12,36.58252381810918
22111,2011-12-12,228.93948508598677
22112,2011-12-12,259.35099909433444
22113,2011-12-12,139.61824485407507
22114,2011-12-12,268.0672816810126
22138,2011-12-12,196.39322052547726
22139,2011-12-12,145.06680835272854
22149,2011-12-12,121.34071281229969
22158,2011-12-12,150.88297161962282
22171,2011-12-12,37.87939318278309
22178,2011-12-12,341.5874705519406
22188,2011-12-12,131.87324224488668
22189,2011-12-12,169.29832900895576
22197,2011-12-12,2675.744956678634
22294,2011-12-12,126.44739035558351
22326,2011-12-12,232.03066948654353
22328,2011-12-12,199.82107097211627
22355,2011-12-12,403.8738213584287
22356,2011-12-12,242.1947333153352
22379,2011-12-12,25.51641750683453
22382,2011-12-12,114.64129881674485
22383,2011-12-12,180.7992576032683
22384,2011-12-12,97.43842828110996
22385,2011-12-12,159.90009011241028
22386,2011-12-12,186.84339559687444
22411,2011-12-12,202.07195091006082
22423,2011-12-12,233.65615129121915
22424,2011-12-12,60.011946091165385
22456,2011-12-12,35.94952118134197
22457,2011-12-12,135.134994943872
22467,2011-12-12,137.51789373684014
22469,2011-12-12,193.87578198566507
22470,2011-12-12,98.47955740905003
22492,2011-12-12,518.821945596938
22499,2011-12-12,37.98811592270604
22501,2011-12-12,20.76115254918897
22502,2011-12-12,82.82285400454822
22507,2011-12-12,27.99408792337805
22551,2011-12-12,113.97304718751214
22554,2011-12-12,141.71360960642974
22556,2011-12-12,126.40488646486818
22585,2011-12-12,91.44522245948643
22605,2011-12-12,29.871865135611102
22607,2011-12-12,29.96474404699589
22622,2011-12-12,23.707190803744236
22624,2011-12-12,32.02384056955384
22625,2011-12-12,33.827573386542475
22629,2011-12-12,210.5415449680375
22630,2011-12-12,168.1664538618561
22632,2011-12-12,171.40984216940103
22659,2011-12-12,125.53343786156701
22666,2011-12-12,100.53533688253829
22693,2011-12-12,257.5658997211098
22697,2011-12-12,156.02736935126273
22698,2011-12-12,153.373698789462
22699,2011-12-12,169.39438501417268
22720,2011-12-12,143.1511852276159
22722,2011-12-12,174.02473035830542
22726,2011-12-12,177.51557692210815
22727,2011-12-12,148.45143236654621
22728,2011-12-12,149.147588870023
22734,2011-12-12,134.0088604873448
22752,2011-12-12,122.39076090654171
22835,2011-12-12,165.2368723073128
22865,2011-12-12,342.2556033303658
22866,2011-12-12,280.55111996381464
22867,2011-12-12,303.2500602081367
22910,2011-12-12,454.2133474057546
22941,2011-12-12,117.77947031819001
22960,2011-12-12,182.12130021011234
22961,2011-12-12,372.0167722020085
22969,2011-12-12,210.49983515681666
23084,2011-12-12,3114.556626222768
23173,2011-12-12,315.78462507429094
23199,2011-12-12,0.0
23201,2011-12-12,363.88619717767847
23202,2011-12-12,234.9737938040881
23203,2011-12-12,494.06634628261116
23206,2011-12-12,186.68819058941153
23209,2011-12-12,328.79348854304203
23243,2011-12-12,233.28750861055948
23245,2011-12-12,186.679014606727
23284,2011-12-12,161.17166835117038
23298,2011-12-12,130.4696667631453
23344,2011-12-12,337.84068819747404
23355,2011-12-12,186.3185698357308
37449,2011-12-12,39.45604378350924
47566,2011-12-12,93.1213855651571
47566B,2011-12-12,54.01374783822751
47590A,2011-12-12,10.521537701908759
47590B,2011-12-12,18.381625157903894
48111,2011-12-12,32.124379410737
48116,2011-12-12,11.863129216353311
48138,2011-12-12,48.09967528050618
48173C,2011-12-12,12.735413913129666
48184,2011-12-12,32.76621129091106
48185,2011-12-12,24.030386220456
48187,2011-12-12,40.067454463591154
48188,2011-12-12,0.19920561652002666
48194,2011-12-12,32.70859383657451
71459,2011-12-12,134.52298583666328
71477,2011-12-12,118.33291923560719
72741,2011-12-12,107.07153782265104
79321,2011-12-12,208.65699089744143
82482,2011-12-12,105.23220256326097
82483,2011-12-12,37.44478438058117
82484,2011-12-12,74.53871162202029
82486,2011-12-12,39.773894853417026
82494L,2011-12-12,127.44946658296737
82583,2011-12-12,73.91613899462325
82600,2011-12-12,126.9976202190225
84029E,2011-12-12,303.351053282725
84029G,2011-12-12,165.51156278035887
84077,2011-12-12,578.2654647347538
84078A,2011-12-12,41.69103731629384
84347,2011-12-12,455.74078413721026
84406B,2011-12-12,66.85933985259413
84755,2011-12-12,114.03678589878258
84836,2011-12-12,106.5042359205805
84879,2011-12-12,541.108787350728
84946,2011-12-12,376.00243060472656
84970S,2011-12-12,247.8867108838036
84978,2011-12-12,204.72494515997226
84991,2011-12-12,229.74131364820494
84997A,2011-12-12,86.79928947898973
84997B,2011-12-12,87.62986109668367
84997C,2011-12-12,67.80893128948159
84997D,2011-12-12,80.70379571903534
85014A,2011-12-12,18.877414219262505
85014B,2011-12-12,19.16907154975077
85048,2011-12-12,32.46560735369553
85066,2011-12-12,32.84301723681699
85099B,2011-12-12,773.1330269073677
85099C,2011-12-12,211.91639499648232
85099F,2011-12-12,160.80837409683997
85123A,2011-12-12,252.06631403760915
85150,2011-12-12,63.15473625675246
85152,2011-12-12,189.61192951394258
15036,2011-12-19,82.9070666066158
15056BL,2011-12-19,0.0
15056N,2011-12-19,22.115460882514817
20679,2011-12-19,15.680441569501795
20685,2011-12-19,51.24384571110498
20711,2011-12-19,50.45833621015976
20712,2011-12-19,85.42093575645839
20713,2011-12-19,206.20165255660712
20719,2011-12-19,224.92202274708993
20723,2011-12-19,129.0389918066939
20724,2011-12-19,266.74895709529955
20725,2011-12-19,189.44186172483617
20726,2011-12-19,125.06622770405306
20727,2011-12-19,156.3433195202226
20728,2011-12-19,115.87737048986203
20749,2011-12-19,19.781047270026
20750,2011-12-19,30.10585838990472
20914,2011-12-19,70.95558605161935
20971,2011-12-19,171.06978946080346
20972,2011-12-19,156.33496283021617
21080,2011-12-19,171.12968248678766
21137,2011-12-19,156.14609108680074
21166,2011-12-19,84.25327120062157
21175,2011-12-19,143.8787156183578
21181,2011-12-19,228.72993792299818
21210,2011-12-19,74.03279925532343
21212,2011-12-19,532.6587492638834
21213,2011-12-19,324.01505324872096
21216,2011-12-19,2.065968773713486
21217,2011-12-19,21.11015096685812
21218,2011-12-19,36.39202188991053
21231,2011-12-19,85.12612951291847
21232,2011-12-19,183.67380839927128
21314,2011-12-19,83.35616590265691
21479,2011-12-19,146.96230480989558
21481,2011-12-19,89.01300922567222
21485,2011-12-19,96.70182340649838
21523,2011-12-19,42.221550937736396
21524,2011-12-19,27.640460429073503
21559,2011-12-19,29.72211833487427
21621,2011-12-19,33.810587930227825
21623,2011-12-19,52.57714613901551
21731,2011-12-19,236.4695088518257
21733,2011-12-19,149.97567552383163
21754,2011-12-19,32.99464442677966
21755,2011-12-19,42.64164262676516
21790,2011-12-19,214.54206653408554
21791,2011-12-19,142.18397722322206
21843,2011-12-19,39.03110499695574
21915,2011-12-19,292.6500109981232
21928,2011-12-19,89.67897834307679
21929,2011-12-19,93.28265661115465
21930,2011-12-19,53.231185513798366
21931,2011-12-19,186.41197153166215
21936,2011-12-19,51.74682798283956
21955,2011-12-19,16.269823283491352
21977,2011-12-19,281.47093397669016
22077,2011-12-19,119.22573627614544
22083,2011-12-19,64.49427007148157
22084,2011-12-19,117.93911085320511
22086,2011-12-19,602.8752587231245
22087,2011-12-19,22.67969024923416
22090,2011-12-19,3.408027018534602
22111,2011-12-19,135.06738551671648
22112,2011-12-19,177.94610149806596
22113,2011-12-19,104.30423526122124
22114,2011-12-19,227.4480134779031
22138,2011-12-19,125.8866381019983
22139,2011-12-19,80.7121494877679
22149,2011-12-19,156.7583149933031
22158,2011-12-19,127.5210135529441
22171,2011-12-19,43.670883556764146
22178,2011-12-19,418.4694960388567
22188,2011-12-19,39.820091774981236
22189,2011-12-19,76.72433892776982
22197,2011-12-19,2432.7546880113578
22294,2011-12-19,0.0
22326,2011-12-19,100.91977673543396
22328,2011-12-19,77.24509784140328
22355,2011-12-19,366.24447469231376
22356,2011-12-19,205.71829258650394
22379,2011-12-19,73.20681867704572
22382,2011-12-19,149.04700189583497
22383,2011-12-19,111.87661843476776
22384,2011-12-19,82.85791997698452
22385,2011-12-19,155.62508556516167
22386,2011-12-19,149.41686929253788
22411,2011-12-19,133.61940942441714
22423,2011-12-19,167.98881327090652
22424,2011-12-19,16.459146403097243
22456,2011-12-19,18.2690206733597
22457,2011-12-19,149.3714137206446
22467,2011-12-19,123.09614523840267
22469,2011-12-19,207.75663731000512
22470,2011-12-19,111.32153193329744
22492,2011-12-19,342.04960067881046
22499,2011-12-19,26.92990451658191
22501,2011-12-19,13.786306606173182
22502,2011-12-19,101.8437251117381
22507,2011-12-19,29.575527589677996
22551,2011-12-19,111.49699178368091
22554,2011-12-19,125.74316523494288
22556,2011-12-19,113.64164500199327
22585,2011-12-19,83.98331471985951
22605,2011-12-19,23.906563281048264
22607,2011-12-19,24.240626993440678
22622,2011-12-19,20.92274934563117
22624,2011-12-19,21.74469394637159
22625,2011-12-19,21.972147872846037
22629,2011-12-19,188.1972911298258
22630,2011-12-19,159.44189176908458
22632,2011-12-19,141.48106281088818
22659,2011-12-19,96.06020443065056
22666,2011-12-19,80.4130090391763
22693,2011-12-19,147.26133208840494
22697,2011-12-19,93.04099412705597
22698,2011-12-19,75.5277325078822
22699,2011-12-19,93.80710605084334
22720,2011-12-19,98.30351675535725
22722,2011-12-19,105.32608586295758
22726,2011-12-19,91.72623472960548
22727,2011-12-19,175.76651813824142
22728,2011-12-19,119.73810012878661
22734,2011-12-19,147.90175871830323
22752,2011-12-19,72.63264015371732
22835,2011-12-19,116.84002099049792
22865,2011-12-19,211.1926862071454
22866,2011-12-19,188.82052229505618
22867,2011-12-19,197.26688450448805
22910,2011-12-19,329.06778535987246
22941,2011-12-19,48.897773140269514
22960,2011-12-19,87.68863152540281
22961,2011-12-19,270.1703770044506
22969,2011-12-19,162.44093863417123
23084,2011-12-19,2472.854058123818
23173,2011-12-19,185.29587573427466
23199,2011-12-19,0.0
23201,2011-12-19,201.85521463647547
23202,2011-12-19,228.66070818779463
23203,2011-12-19,494.61669688873326
23206,2011-12-19,213.94349270181962
23209,2011-12-19,319.74354729540903
23243,2011-12-19,180.02645927454026
23245,2011-12-19,130.84309893149256
23284,2011-12-19,94.6951724498716
23298,2011-12-19,108.80328768937093
23344,2011-12-19,271.1777254222218
23355,2011-12-19,101.98373961827187
37449,2011-12-19,7.707130062192553
47566,2011-12-19,72.01728032941368
47566B,2011-12-19,45.80184893123721
47590A,2011-12-19,6.574987193687561
47590B,2011-12-19,18.16969024306469
48111,2011-12-19,18.564717774151404
48116,2011-12-19,6.923910575047089
48138,2011-12-19,41.65098267428992
48173C,2011-12-19,13.02476299059176
48184,2011-12-19,28.43888899069762
48185,2011-12-19,27.863749831078994
48187,2011-12-19,36.34291538334528
48188,2011-12-19,4.1439440177429105
48194,2011-12-19,29.454227188897345
71459,2011-12-19,121.58662931597934
71477,2011-12-19,110.01414657958392
72741,2011-12-19,99.95379236012243
79321,2011-12-19,206.64103470589987
82482,2011-12-19,98.71287855650992
82483,2011-12-19,39.17362870706578
82484,2011-12-19,64.2982504566101
82486,2011-12-19,33.66007146598285
82494L,2011-12-19,109.55285545736396
82583,2011-12-19,67.71230140958197
82600,2011-12-19,86.83399786270253
84029E,2011-12-19,150.14886272365402
84029G,2011-12-19,131.24314901167423
84077,2011-12-19,962.8027468857815
84078A,2011-12-19,15.357968028630026
84347,2011-12-19,477.50226987436577
84406B,2011-12-19,32.75274627559981
84755,2011-12-19,64.31033740599794
84836,2011-12-19,74.4234179966081
84879,2011-12-19,463.9632762097155
84946,2011-12-19,227.68446113599066
84970S,2011-12-19,191.0205024603442
84978,2011-12-19,133.31561329022102
84991,2011-12-19,306.4442489064533
84997A,2011-12-19,46.96045357275432
84997B,2011-12-19,74.32815275248367
84997C,2011-12-19,70.98823119119622
84997D,2011-12-19,121.31727594375079
85014A,2011-12-19,26.480791123830212
85014B,2011-12-19,18.464133673088412
85048,2011-12-19,19.94477812746279
85066,2011-12-19,15.267222640767157
85099B,2011-12-19,590.703778014039
85099C,2011-12-19,133.30526819342705
85099F,2011-12-19,115.59869511007167
85123A,2011-12-19,157.90131970967667
85150,2011-12-19,29.17473555402508
85152,2011-12-19,119.36299137563552
15036,2011-12-26,63.77215641651031
15056BL,2011-12-26,6.032954404790229
15056N,2011-12-26,32.59820669599171
20679,2011-12-26,12.414627677803297
20685,2011-12-26,38.48951751700511
20711,2011-12-26,52.27195470238054
20712,2011-12-26,56.60846866433859
20713,2011-12-26,137.52379407573778
20719,2011-12-26,165.01071253139938
20723,2011-12-26,80.28430325532642
20724,2011-12-26,178.26137961954572
20725,2011-12-26,125.3890958189299
20726,2011-12-26,79.94755036979873
20727,2011-12-26,96.69301989204642
20728,2011-12-26,86.25903950332199
20749,2011-12-26,17.501897110294713
20750,2011-12-26,12.59338141848924
20914,2011-12-26,70.13121222953458
20971,2011-12-26,131.98757247912758
20972,2011-12-26,122.66923090554056
21080,2011-12-26,122.59896513224597
21137,2011-12-26,107.89336910053296
21166,2011-12-26,99.04418027887688
21175,2011-12-26,141.29268374655064
21181,2011-12-26,142.26247638413773
21210,2011-12-26,61.37106571898684
21212,2011-12-26,367.13326264476177
21213,2011-12-26,131.69880579079907
21216,2011-12-26,0.0
21217,2011-12-26,0.0
21218,2011-12-26,12.464433934788659
21231,2011-12-26,57.247442518864695
21232,2011-12-26,105.77986835366916
21314,2011-12-26,46.11504982945879
21479,2011-12-26,105.5025468269028
21481,2011-12-26,49.96141667164283
21485,2011-12-26,46.326354417903644
21523,2011-12-26,27.157952479661397
21524,2011-12-26,16.14535502272011
21559,2011-12-26,18.30269617621382
21621,2011-12-26,28.674663883936905
21623,2011-12-26,44.97305181990023
21731,2011-12-26,144.39958003646348
21733,2011-12-26,106.97070307000955
21754,2011-12-26,19.670722479901652
21755,2011-12-26,32.12352154476974
21790,2011-12-26,108.05696613147953
21791,2011-12-26,90.66193002109277
21843,2011-12-26,29.768755973042722
21915,2011-12-26,384.6456089745677
21928,2011-12-26,77.77156554874955
21929,2011-12-26,79.33131805619577
21930,2011-12-26,47.31945673763118
21931,2011-12-26,130.61829909168583
21936,2011-12-26,38.16630028044717
21955,2011-12-26,11.750320145807013
21977,2011-12-26,194.12127840398352
22077,2011-12-26,71.69559748364813
22083,2011-12-26,37.3499820597727
22084,2011-12-26,88.17084070773912
22086,2011-12-26,347.83398722771165
22087,2011-12-26,1.1587580762811258
22090,2011-12-26,20.983733797197658
22111,2011-12-26,81.99539712794508
22112,2011-12-26,100.27673657729746
22113,2011-12-26,62.4627138626252
22114,2011-12-26,118.8746081040679
22138,2011-12-26,58.94906291120388
22139,2011-12-26,43.51863038728893
22149,2011-12-26,132.7495972021766
22158,2011-12-26,60.153284751344295
22171,2011-12-26,28.13923318861133
22178,2011-12-26,201.1564079685388
22188,2011-12-26,14.257335036862115
22189,2011-12-26,23.76038270365501
22197,2011-12-26,2552.408221793253
22294,2011-12-26,0.0
22326,2011-12-26,0.0
22328,2011-12-26,9.856922364178798
22355,2011-12-26,209.06941457426134
22356,2011-12-26,136.88697398029655
22379,2011-12-26,17.782164536369905
22382,2011-12-26,116.86876616926057
22383,2011-12-26,62.6810749783473
22384,2011-12-26,66.85266054359032
22385,2011-12-26,106.07143067813206
22386,2011-12-26,140.2088037747147
22411,2011-12-26,129.09759383587956
22423,2011-12-26,120.15379485767981
22424,2011-12-26,14.952134999902887
22456,2011-12-26,12.23975924761603
22457,2011-12-26,101.34964005972807
22467,2011-12-26,88.01378871412831
22469,2011-12-26,226.00991567953213
22470,2011-12-26,183.45561336416986
22492,2011-12-26,283.26903485634097
22499,2011-12-26,0.5841189345199869
22501,2011-12-26,22.941236400491288
22502,2011-12-26,107.7571222932584
22507,2011-12-26,22.464167006129998
22551,2011-12-26,70.80810613592323
22554,2011-12-26,77.15687424220721
22556,2011-12-26,66.78178567478395
22585,2011-12-26,51.761905645700985
22605,2011-12-26,14.341615563039527
22607,2011-12-26,13.515335182955342
22622,2011-12-26,13.489497551058655
22624,2011-12-26,6.334791898523952
22625,2011-12-26,10.786033490589187
22629,2011-12-26,180.51303078381994
22630,2011-12-26,118.69614290246079
22632,2011-12-26,94.19969323104314
22659,2011-12-26,93.35250596506049
22666,2011-12-26,58.08718795005435
22693,2011-12-26,147.7022448255034
22697,2011-12-26,65.83141485136026
22698,2011-12-26,43.08004745747397
22699,2011-12-26,82.31039722556166
22720,2011-12-26,85.30129524143362
22722,2011-12-26,61.74777365672773
22726,2011-12-26,67.6384515772301
22727,2011-12-26,107.13188541220177
22728,2011-12-26,89.09160398451242
22734,2011-12-26,106.77541602717021
22752,2011-12-26,43.50312347704279
22835,2011-12-26,64.6358588319172
22865,2011-12-26,159.75966229057113
22866,2011-12-26,153.14531553183636
22867,2011-12-26,145.7258775827297
22910,2011-12-26,198.71493617648122
22941,2011-12-26,0.0
22960,2011-12-26,47.41261009201373
22961,2011-12-26,130.19246005233288
22969,2011-12-26,126.91109722117211
23084,2011-12-26,2522.771539811086
23173,2011-12-26,233.80854455057596
23199,2011-12-26,0.0
23201,2011-12-26,165.97549169281132
23202,2011-12-26,195.78187625041238
23203,2011-12-26,456.1273090854527
23206,2011-12-26,131.4083294429853
23209,2011-12-26,216.88810459117045
23243,2011-12-26,67.19592285136434
23245,2011-12-26,46.2247904710451
23284,2011-12-26,60.49347590099643
23298,2011-12-26,91.12715405839216
23344,2011-12-26,238.60789046473892
23355,2011-12-26,50.937441303206356
37449,2011-12-26,7.953431616617269
47566,2011-12-26,26.43617191179566
47566B,2011-12-26,37.55327318427127
47590A,2011-12-26,3.554897882297063
47590B,2011-12-26,12.935303883875132
48111,2011-12-26,8.930029954719538
48116,2011-12-26,5.178795030554699
48138,2011-12-26,35.80428588657269
48173C,2011-12-26,10.449169007668308
48184,2011-12-26,22.20575797032744
48185,2011-12-26,31.86910958685964
48187,2011-12-26,24.790004677508602
48188,2011-12-26,7.460193427568466
48194,2011-12-26,24.349787099545782
71459,2011-12-26,62.65867695434268
71477,2011-12-26,73.28287286889554
72741,2011-12-26,75.87915570357482
79321,2011-12-26,107.0213057378071
82482,2011-12-26,61.03651287638726
82483,2011-12-26,28.789088481450953
82484,2011-12-26,58.423042927647984
82486,2011-12-26,16.262736409088227
82494L,2011-12-26,64.20266832341264
82583,2011-12-26,46.112690174442236
82600,2011-12-26,108.6252573004905
84029E,2011-12-26,116.228455802494
84029G,2011-12-26,68.50917580630076
84077,2011-12-26,475.1069649230486
84078A,2011-12-26,0.0
84347,2011-12-26,203.09527262495922
84406B,2011-12-26,0.0
84755,2011-12-26,35.55666793115013
84836,2011-12-26,73.68564987978534
84879,2011-12-26,367.8420458733473
84946,2011-12-26,150.12642393218655
84970S,2011-12-26,142.6966824654796
84978,2011-12-26,85.8763876124638
84991,2011-12-26,260.4588885790176
84997A,2011-12-26,16.832558464768606
84997B,2011-12-26,46.037791506292635
84997C,2011-12-26,30.47225559716757
84997D,2011-12-26,57.70842794008447
85014A,2011-12-26,15.798673976020314
85014B,2011-12-26,15.401982903199762
85048,2011-12-26,10.205107583087422
85066,2011-12-26,5.637904659242182
85099B,2011-12-26,633.5840303411256
85099C,2011-12-26,114.10011295989698
85099F,2011-12-26,72.09862227333997
85123A,2011-12-26,201.12126722838596
85150,2011-12-26,25.38050020577311
85152,2011-12-26,100.05326436313992
15036,2012-01-02,156.0463722374212
15056BL,2012-01-02,39.881687556513995
15056N,2012-01-02,71.45310593935687
20679,2012-01-02,48.66308154816118
20685,2012-01-02,59.613131360743026
20711,2012-01-02,61.9922667396506
20712,2012-01-02,94.38229181713218
20713,2012-01-02,174.20860681485868
20719,2012-01-02,217.11666704171006
20723,2012-01-02,150.00783000549998
20724,2012-01-02,217.40441394771523
20725,2012-01-02,210.40028085178994
20726,2012-01-02,181.20746809802247
20727,2012-01-02,196.40605668319137
20728,2012-01-02,179.19081292778688
20749,2012-01-02,40.82428318839029
20750,2012-01-02,27.84783654669489
20914,2012-01-02,85.3654988521229
20971,2012-01-02,143.79501780047423
20972,2012-01-02,147.68299471537998
21080,2012-01-02,204.57599948637306
21137,2012-01-02,94.86862954052228
21166,2012-01-02,116.41467733784957
21175,2012-01-02,197.92418918639257
21181,2012-01-02,218.02504978998977
21210,2012-01-02,107.94351799981318
21212,2012-01-02,381.4512271967367
21213,2012-01-02,262.87197443720817
21216,2012-01-02,26.71753351436384
21217,2012-01-02,30.95424177888191
21218,2012-01-02,27.085334258943085
21231,2012-01-02,71.82641268003194
21232,2012-01-02,115.4107780200756
21314,2012-01-02,82.90127014811236
21479,2012-01-02,103.96244191948603
21481,2012-01-02,52.07159256857798
21485,2012-01-02,61.41954927641817
21523,2012-01-02,51.89511788342154
21524,2012-01-02,23.096454659718805
21559,2012-01-02,36.491405346818745
21621,2012-01-02,38.79787714964284
21623,2012-01-02,57.80596306274886
21731,2012-01-02,152.82817765830356
21733,2012-01-02,151.4372162309034
21754,2012-01-02,46.10764711589655
21755,2012-01-02,59.22286996134794
21790,2012-01-02,134.96764164927782
21791,2012-01-02,107.15763508249545
21843,2012-01-02,49.58078591600413
21915,2012-01-02,211.93702973238968
21928,2012-01-02,137.9738548981982
21929,2012-01-02,143.15106317233804
21930,2012-01-02,87.12594813337004
21931,2012-01-02,181.79644227546993
21936,2012-01-02,77.41577717852725
21955,2012-01-02,38.66279340192135
21977,2012-01-02,355.76256004841343
22077,2012-01-02,114.34561736311369
22083,2012-01-02,66.54045753818065
22084,2012-01-02,85.84628999290075
22086,2012-01-02,419.0506814044769
22087,2012-01-02,58.58314323991827
22090,2012-01-02,78.42374518867307
22111,2012-01-02,75.07478117512476
22112,2012-01-02,49.85895404212995
22113,2012-01-02,69.0197469899719
22114,2012-01-02,124.0215258729185
22138,2012-01-02,75.99090704704378
22139,2012-01-02,70.04703236742961
22149,2012-01-02,128.00317448931978
22158,2012-01-02,63.43366040949728
22171,2012-01-02,46.65692306946426
22178,2012-01-02,184.24501568725813
22188,2012-01-02,66.03375627670802
22189,2012-01-02,141.07378510146924
22197,2012-01-02,1389.5425775048113
22294,2012-01-02,0.0
22326,2012-01-02,0.0
22328,2012-01-02,0.0
22355,2012-01-02,246.95810156361222
22356,2012-01-02,218.70269100287155
22379,2012-01-02,157.943869934174
22382,2012-01-02,217.2337158288358
22383,2012-01-02,125.31705275101824
22384,2012-01-02,123.03524951153999
22385,2012-01-02,169.7510837437113
22386,2012-01-02,197.67617624869737
22411,2012-01-02,147.18564572697045
22423,2012-01-02,161.55324072712855
22424,2012-01-02,38.1701443396283
22456,2012-01-02,33.77922886564104
22457,2012-01-02,167.80433273124422
22467,2012-01-02,111.44765295410815
22469,2012-01-02,181.98276790507686
22470,2012-01-02,185.9322140913773
22492,2012-01-02,509.0050743192439
22499,2012-01-02,55.23578635156501
22501,2012-01-02,28.64302168989441
22502,2012-01-02,95.56955078545396
22507,2012-01-02,40.542996009320795
22551,2012-01-02,115.03449104693073
22554,2012-01-02,127.22226680970653
22556,2012-01-02,100.27932646151461
22585,2012-01-02,75.06053666543612
22605,2012-01-02,20.039739552650445
22607,2012-01-02,17.220538266308434
22622,2012-01-02,14.322157239927787
22624,2012-01-02,18.17621565331614
22625,2012-01-02,17.674253753756357
22629,2012-01-02,176.36334680098713
22630,2012-01-02,186.45331995943516
22632,2012-01-02,101.82422302360654
22659,2012-01-02,169.87431963432223
22666,2012-01-02,97.30179541281822
22693,2012-01-02,171.7781953729952
22697,2012-01-02,107.1239271209005
22698,2012-01-02,92.98371619181405
22699,2012-01-02,142.98949530670026
22720,2012-01-02,129.43012739712262
22722,2012-01-02,126.95534243918985
22726,2012-01-02,102.00924836816868
22727,2012-01-02,172.93330815803174
22728,2012-01-02,117.59339010186932
22734,2012-01-02,86.86638459952616
22752,2012-01-02,72.83063954194938
22835,2012-01-02,72.66126227772692
22865,2012-01-02,225.22909107449382
22866,2012-01-02,162.06299989772927
22867,2012-01-02,215.0945042638978
22910,2012-01-02,236.57305763637143
22941,2012-01-02,39.20421576018163
22960,2012-01-02,116.48246909179701
22961,2012-01-02,242.3898364624383
22969,2012-01-02,185.66125314886327
23084,2012-01-02,1638.6785558278557
23173,2012-01-02,252.198138792142
23199,2012-01-02,65.41375165304426
23201,2012-01-02,215.89043787303373
23202,2012-01-02,263.90390039230755
23203,2012-01-02,490.403609023263
23206,2012-01-02,196.15858790641505
23209,2012-01-02,297.91259635433624
23243,2012-01-02,180.1991219448112
23245,2012-01-02,94.63164327283725
23284,2012-01-02,108.70272442523472
23298,2012-01-02,136.81273035796764
23344,2012-01-02,407.2019407878232
23355,2012-01-02,69.49504364322777
37449,2012-01-02,25.995955810776806
47566,2012-01-02,62.99206587629863
47566B,2012-01-02,49.402017788344494
47590A,2012-01-02,10.437722298559212
47590B,2012-01-02,28.13993677093805
48111,2012-01-02,13.768232543854062
48116,2012-01-02,8.269065673090957
48138,2012-01-02,45.85550329426047
48173C,2012-01-02,17.918115309397646
48184,2012-01-02,31.743150261700148
48185,2012-01-02,41.57610799464806
48187,2012-01-02,47.94644822897102
48188,2012-01-02,16.604740097867985
48194,2012-01-02,41.74403624311198
71459,2012-01-02,133.54659066451183
71477,2012-01-02,80.03757042250432
72741,2012-01-02,82.35323643453381
79321,2012-01-02,57.20009069413259
82482,2012-01-02,111.59697743562093
82483,2012-01-02,44.71605163854898
82484,2012-01-02,97.3778065000388
82486,2012-01-02,24.980821623842644
82494L,2012-01-02,71.81764771983174
82583,2012-01-02,70.6353625390224
82600,2012-01-02,92.90385382804598
84029E,2012-01-02,79.63962394638689
84029G,2012-01-02,65.52239558184374
84077,2012-01-02,374.4273716909921
84078A,2012-01-02,42.59340900336289
84347,2012-01-02,300.1517219621626
84406B,2012-01-02,60.71536309166702
84755,2012-01-02,122.67715609597803
84836,2012-01-02,87.28478737804113
84879,2012-01-02,475.7722229864863
84946,2012-01-02,236.39193020801014
84970S,2012-01-02,187.81198944839377
84978,2012-01-02,182.33302523009925
84991,2012-01-02,427.06913436830047
84997A,2012-01-02,55.686416081326804
84997B,2012-01-02,101.02363509902564
84997C,2012-01-02,84.07005898026242
84997D,2012-01-02,122.04282992958875
85014A,2012-01-02,25.67789711271341
85014B,2012-01-02,22.165274909738105
85048,2012-01-02,5.14113533778026
85066,2012-01-02,14.64004536588781
85099B,2012-01-02,701.6849269917673
85099C,2012-01-02,171.0728490196467
85099F,2012-01-02,201.7311919708043
85123A,2012-01-02,300.8660311512929
85150,2012-01-02,55.69242567357887
85152,2012-01-02,135.7507858850186
15036,2012-01-09,268.01876232083936
15056BL,2012-01-09,68.81504083696849
15056N,2012-01-09,82.69444375790471
20679,2012-01-09,72.29313031413412
20685,2012-01-09,69.8287015586132
20711,2012-01-09,74.7978818141842
20712,2012-01-09,121.43926516830591
20713,2012-01-09,191.7128213445555
20719,2012-01-09,198.72126520467808
20723,2012-01-09,153.31684604489573
20724,2012-01-09,239.6217162903127
20725,2012-01-09,272.02995373279975
20726,2012-01-09,199.85369721655942
20727,2012-01-09,220.5549453432219
20728,2012-01-09,182.398594318209
20749,2012-01-09,52.446487797079385
20750,2012-01-09,47.30151509628549
20914,2012-01-09,86.61373427978319
20971,2012-01-09,162.1325394598496
20972,2012-01-09,172.03548397089583
21080,2012-01-09,215.3130622001644
21137,2012-01-09,118.50756744232001
21166,2012-01-09,111.15262189625507
21175,2012-01-09,229.15781306337158
21181,2012-01-09,210.2349530236937
21210,2012-01-09,142.43974562584327
21212,2012-01-09,411.78289419290104
21213,2012-01-09,226.80501081977394
21216,2012-01-09,52.38557108019208
21217,2012-01-09,53.45473611956179
21218,2012-01-09,36.68829466680481
21231,2012-01-09,73.14145921632652
21232,2012-01-09,119.93271341935618
21314,2012-01-09,82.68078596367458
21479,2012-01-09,98.31417554412941
21481,2012-01-09,52.345401231687795
21485,2012-01-09,63.666386207684845
21523,2012-01-09,60.42513054811163
21524,2012-01-09,28.155896676365106
21559,2012-01-09,44.194794043768134
21621,2012-01-09,52.6090371262066
21623,2012-01-09,60.0660314554503
21731,2012-01-09,149.13142596416498
21733,2012-01-09,199.20392612825864
21754,2012-01-09,56.75483445533903
21755,2012-01-09,67.32026215755877
21790,2012-01-09,141.42268545490538
21791,2012-01-09,108.68296600185909
21843,2012-01-09,53.93200185661554
21915,2012-01-09,217.20069607103292
21928,2012-01-09,184.76071854741957
21929,2012-01-09,168.1973217640778
21930,2012-01-09,95.59402266586673
21931,2012-01-09,198.70676105505018
21936,2012-01-09,90.37757235155077
21955,2012-01-09,49.3738440636586
21977,2012-01-09,388.9602120969949
22077,2012-01-09,106.19718263175926
22083,2012-01-09,71.43888754644736
22084,2012-01-09,125.68967941104934
22086,2012-01-09,502.6188884068236
22087,2012-01-09,77.91634039979397
22090,2012-01-09,119.21281437173894
22111,2012-01-09,84.01640552953108
22112,2012-01-09,54.274132605892305
22113,2012-01-09,72.7861655508858
22114,2012-01-09,105.27294523269
22138,2012-01-09,81.22662129254444
22139,2012-01-09,75.25909028932905
22149,2012-01-09,131.15336554771227
22158,2012-01-09,63.217802169378075
22171,2012-01-09,54.57846744291929
22178,2012-01-09,195.1916788093992
22188,2012-01-09,67.67407129934837
22189,2012-01-09,134.4917639529675
22197,2012-01-09,1331.4185468242376
22294,2012-01-09,39.93664945277029
22326,2012-01-09,87.54311632713538
22328,2012-01-09,54.37694268858663
22355,2012-01-09,230.42801196148454
22356,2012-01-09,187.92597569891424
22379,2012-01-09,124.28016303860005
22382,2012-01-09,219.73204533903507
22383,2012-01-09,165.0159544192405
22384,2012-01-09,138.9216957414368
22385,2012-01-09,183.80086017986054
22386,2012-01-09,241.54197333625012
22411,2012-01-09,190.1661432038392
22423,2012-01-09,196.44711294546056
22424,2012-01-09,54.059990959812126
22456,2012-01-09,35.191992855110605
22457,2012-01-09,137.41407088024624
22467,2012-01-09,122.12991623429929
22469,2012-01-09,184.76957965401985
22470,2012-01-09,290.25494865753524
22492,2012-01-09,420.26846454807423
22499,2012-01-09,69.82043016458599
22501,2012-01-09,49.96483501396417
22502,2012-01-09,99.81515920391482
22507,2012-01-09,61.32845435970375
22551,2012-01-09,135.93764536859396
22554,2012-01-09,124.95275913786793
22556,2012-01-09,105.34917450081271
22585,2012-01-09,82.40973365915362
22605,2012-01-09,37.57993441204426
22607,2012-01-09,24.711166810978053
22622,2012-01-09,19.32962005269572
22624,2012-01-09,18.736156761349868
22625,2012-01-09,12.07150554197
22629,2012-01-09,198.02683894506518
22630,2012-01-09,192.22511253841463
22632,2012-01-09,116.48568388031345
22659,2012-01-09,188.472725208094
22666,2012-01-09,106.03083842353217
22693,2012-01-09,203.82128563223336
22697,2012-01-09,111.67271983377579
22698,2012-01-09,98.6142419885133
22699,2012-01-09,135.37991688202976
22720,2012-01-09,129.17087596854807
22722,2012-01-09,110.83681508824559
22726,2012-01-09,118.65330000706882
22727,2012-01-09,137.90540721884955
22728,2012-01-09,133.31273733481217
22734,2012-01-09,69.8306438780981
22752,2012-01-09,79.50876968870621
22835,2012-01-09,72.57503172717236
22865,2012-01-09,172.6727519678981
22866,2012-01-09,175.51628617446224
22867,2012-01-09,215.18657590880866
22910,2012-01-09,229.7990083794445
22941,2012-01-09,66.48731461451794
22960,2012-01-09,145.00808007348002
22961,2012-01-09,237.25806511377226
22969,2012-01-09,190.72003705697267
23084,2012-01-09,1244.4055907371335
23173,2012-01-09,238.90229930263783
23199,2012-01-09,152.64295501791224
23201,2012-01-09,255.55116597841206
23202,2012-01-09,325.8965248813698
23203,2012-01-09,453.65460092564206
23206,2012-01-09,254.40952872814202
23209,2012-01-09,309.45123407158513
23243,2012-01-09,174.6616617910552
23245,2012-01-09,130.34968570964327
23284,2012-01-09,141.25934471065074
23298,2012-01-09,191.05097442134863
23344,2012-01-09,302.5119113012916
23355,2012-01-09,87.10545976275853
37449,2012-01-09,41.570996742198986
47566,2012-01-09,73.28092651632207
47566B,2012-01-09,53.52289321101983
47590A,2012-01-09,15.555695726188565
47590B,2012-01-09,37.386653907545224
48111,2012-01-09,15.488515200752715
48116,2012-01-09,9.287118262442444
48138,2012-01-09,56.633286185794034
48173C,2012-01-09,19.802216553098702
48184,2012-01-09,31.57900298141741
48185,2012-01-09,56.203239664681504
48187,2012-01-09,52.33641917051442
48188,2012-01-09,23.27451682378748
48194,2012-01-09,50.390897092604604
71459,2012-01-09,180.85955922056564
71477,2012-01-09,85.52552295972667
72741,2012-01-09,89.3346117093096
79321,2012-01-09,91.73354804875439
82482,2012-01-09,133.98565849370036
82483,2012-01-09,52.8909394067886
82484,2012-01-09,78.45958037346817
82486,2012-01-09,42.289792587015775
82494L,2012-01-09,91.62623412009856
82583,2012-01-09,82.82066630498346
82600,2012-01-09,93.0620582111411
84029E,2012-01-09,60.29227492898105
84029G,2012-01-09,63.57401281992155
84077,2012-01-09,409.5773556622767
84078A,2012-01-09,36.414954650387386
84347,2012-01-09,257.4826558830667
84406B,2012-01-09,74.9173420892371
84755,2012-01-09,140.38684566145713
84836,2012-01-09,98.3435160267417
84879,2012-01-09,422.47211592077207
84946,2012-01-09,197.53207626303993
84970S,2012-01-09,228.8180244281334
84978,2012-01-09,212.0527049879198
84991,2012-01-09,366.53282536094923
84997A,2012-01-09,89.26463075746177
84997B,2012-01-09,137.18540329558311
84997C,2012-01-09,127.05958388963496
84997D,2012-01-09,133.548011104382
85014A,2012-01-09,45.54464066985434
85014B,2012-01-09,37.009625544018064
85048,2012-01-09,11.716163060520813
85066,2012-01-09,14.877308854861253
85099B,2012-01-09,357.0775819890212
85099C,2012-01-09,155.8043312368309
85099F,2012-01-09,173.10930916904775
85123A,2012-01-09,296.4926300905052
85150,2012-01-09,89.09773147090486
85152,2012-01-09,130.8419515188464
15036,2012-01-16,255.4552511247479
15056BL,2012-01-16,64.40627644258356
15056N,2012-01-16,92.25687190995596
20679,2012-01-16,46.55690868921581
20685,2012-01-16,83.50018745803999
20711,2012-01-16,70.88326437727706
20712,2012-01-16,134.60345753914135
20713,2012-01-16,166.67467019926355
20719,2012-01-16,197.72440867986398
20723,2012-01-16,152.2390001808746
20724,2012-01-16,246.97403782559743
20725,2012-01-16,247.1588687395412
20726,2012-01-16,191.74776498927577
20727,2012-01-16,216.1910780367988
20728,2012-01-16,183.9919380637201
20749,2012-01-16,60.57692710908253
20750,2012-01-16,47.739218435357984
20914,2012-01-16,99.16411122636507
20971,2012-01-16,194.9061600569286
20972,2012-01-16,173.41292965651783
21080,2012-01-16,221.36214022870965
21137,2012-01-16,117.40113755920262
21166,2012-01-16,115.69226814671158
21175,2012-01-16,177.44541985993624
21181,2012-01-16,222.76389946916254
21210,2012-01-16,136.99242728452424
21212,2012-01-16,447.3433019094022
21213,2012-01-16,262.41815996704526
21216,2012-01-16,53.911561935054486
21217,2012-01-16,58.994615240216376
21218,2012-01-16,43.813215392056364
21231,2012-01-16,86.70083738783157
21232,2012-01-16,136.21409182934818
21314,2012-01-16,82.43218218639562
21479,2012-01-16,80.00335111276924
21481,2012-01-16,54.439746041892164
21485,2012-01-16,64.9591520672376
21523,2012-01-16,59.6461951551154
21524,2012-01-16,31.21063892776653
21559,2012-01-16,52.27257729175152
21621,2012-01-16,56.798408418155866
21623,2012-01-16,60.42627623024403
21731,2012-01-16,137.34296943760586
21733,2012-01-16,146.06582745131834
21754,2012-01-16,57.7460861656584
21755,2012-01-16,65.67512407658704
21790,2012-01-16,148.99255591438418
21791,2012-01-16,113.94485442097556
21843,2012-01-16,55.55256063551147
21915,2012-01-16,278.4236906779931
21928,2012-01-16,179.50518130483692
21929,2012-01-16,165.3713808430501
21930,2012-01-16,102.52570293165583
21931,2012-01-16,193.01877615334746
21936,2012-01-16,92.81046184785265
21955,2012-01-16,52.54915607187059
21977,2012-01-16,399.3469733753161
22077,2012-01-16,121.78788640433139
22083,2012-01-16,76.59297386303817
22084,2012-01-16,150.31326303278368
22086,2012-01-16,239.92944308006054
22087,2012-01-16,93.43070692129031
22090,2012-01-16,146.12844109493324
22111,2012-01-16,77.94586313569515
22112,2012-01-16,59.533034619485164
22113,2012-01-16,73.24786221291004
22114,2012-01-16,104.73294477036325
22138,2012-01-16,73.58280726685877
22139,2012-01-16,73.26047335285098
22149,2012-01-16,135.48951084262274
22158,2012-01-16,62.71756270621841
22171,2012-01-16,53.948080033765834
22178,2012-01-16,153.16008517457306
22188,2012-01-16,71.00500109789198
22189,2012-01-16,129.85025148531142
22197,2012-01-16,1094.6692167324143
22294,2012-01-16,95.58976181003965
22326,2012-01-16,156.1253227849518
22328,2012-01-16,97.11774551530364
22355,2012-01-16,181.94702894557065
22356,2012-01-16,190.66503066486737
22379,2012-01-16,128.49178151737343
22382,2012-01-16,212.1784254046762
22383,2012-01-16,166.00483859876232
22384,2012-01-16,164.5833998801488
22385,2012-01-16,171.9174650055185
22386,2012-01-16,245.13723938384152
22411,2012-01-16,191.72261604012434
22423,2012-01-16,205.24429549787126
22424,2012-01-16,69.96237137044189
22456,2012-01-16,40.98539060060047
22457,2012-01-16,122.61392587001447
22467,2012-01-16,123.33064409425754
22469,2012-01-16,172.91245890692872
22470,2012-01-16,185.39314653655072
22492,2012-01-16,365.28784063208855
22499,2012-01-16,83.72413100007178
22501,2012-01-16,58.6409395707969
22502,2012-01-16,99.16199419907247
22507,2012-01-16,66.71166219610244
22551,2012-01-16,137.9177359291919
22554,2012-01-16,131.57600992259054
22556,2012-01-16,124.03309087592619
22585,2012-01-16,93.20474825077265
22605,2012-01-16,49.222817796011775
22607,2012-01-16,37.44033165577144
22622,2012-01-16,25.38037532068803
22624,2012-01-16,24.847025276523905
22625,2012-01-16,18.368827839938238
22629,2012-01-16,205.3836446832363
22630,2012-01-16,175.1063001900328
22632,2012-01-16,111.37680114281127
22659,2012-01-16,163.8935709807322
22666,2012-01-16,119.54581662420424
22693,2012-01-16,197.24297152539617
22697,2012-01-16,117.1378365231898
22698,2012-01-16,95.46160494071816
22699,2012-01-16,138.0483462439038
22720,2012-01-16,130.66372706876643
22722,2012-01-16,106.53108320110755
22726,2012-01-16,112.2858705553728
22727,2012-01-16,117.75189029113554
22728,2012-01-16,118.24769837712509
22734,2012-01-16,71.2377818076269
22752,2012-01-16,71.9984737698922
22835,2012-01-16,70.15218365672517
22865,2012-01-16,194.92282054018844
22866,2012-01-16,171.33955230463474
22867,2012-01-16,198.32790045136383
22910,2012-01-16,213.68260330274305
22941,2012-01-16,75.69465272249701
22960,2012-01-16,131.67112099642844
22961,2012-01-16,218.07086895729338
22969,2012-01-16,191.18752107041715
23084,2012-01-16,983.8726476344123
23173,2012-01-16,157.48266906686695
23199,2012-01-16,273.8148025224127
23201,2012-01-16,285.78597512466337
23202,2012-01-16,296.97792479931616
23203,2012-01-16,456.3599622155506
23206,2012-01-16,286.5918599142371
23209,2012-01-16,317.7789963137558
23243,2012-01-16,189.55275623812932
23245,2012-01-16,153.31928253994832
23284,2012-01-16,136.62974315813372
23298,2012-01-16,208.6090113340427
23344,2012-01-16,305.94811278142544
23355,2012-01-16,107.02247870090528
37449,2012-01-16,53.50469992464286
47566,2012-01-16,88.19449600019196
47566B,2012-01-16,63.38300194238612
47590A,2012-01-16,19.14879343326524
47590B,2012-01-16,38.190217418398944
48111,2012-01-16,19.880133660074748
48116,2012-01-16,9.935322143914615
48138,2012-01-16,59.353207638030966
48173C,2012-01-16,22.753356938229132
48184,2012-01-16,34.99095646531677
48185,2012-01-16,49.35428663730689
48187,2012-01-16,49.28269652458138
48188,2012-01-16,27.026962823029617
48194,2012-01-16,51.61001219728624
71459,2012-01-16,192.8709767896085
71477,2012-01-16,67.26296447365166
72741,2012-01-16,82.86794631915016
79321,2012-01-16,36.81802446190504
82482,2012-01-16,129.92697272822633
82483,2012-01-16,54.66239916700051
82484,2012-01-16,79.37558521157803
82486,2012-01-16,50.39557705645252
82494L,2012-01-16,92.51633962382783
82583,2012-01-16,68.95369404180528
82600,2012-01-16,91.75223087370223
84029E,2012-01-16,57.071556196747515
84029G,2012-01-16,61.02050776689143
84077,2012-01-16,662.7881615790244
84078A,2012-01-16,28.407575230178033
84347,2012-01-16,253.16102115453947
84406B,2012-01-16,72.68195120807171
84755,2012-01-16,136.15584793593393
84836,2012-01-16,97.15549349159657
84879,2012-01-16,452.29803555828175
84946,2012-01-16,219.5820794181099
84970S,2012-01-16,221.42944824877864
84978,2012-01-16,209.84587400771022
84991,2012-01-16,406.4070872237523
84997A,2012-01-16,101.8462977551686
84997B,2012-01-16,118.50758956146987
84997C,2012-01-16,124.63748176545018
84997D,2012-01-16,102.99307893111434
85014A,2012-01-16,63.61583202311668
85014B,2012-01-16,38.95731651389663
85048,2012-01-16,29.450683944497015
85066,2012-01-16,20.107776842365286
85099B,2012-01-16,368.941312220437
85099C,2012-01-16,150.00623844642118
85099F,2012-01-16,184.5792341828432
85123A,2012-01-16,373.102155629961
85150,2012-01-16,84.49178598068762
85152,2012-01-16,117.59473274445898
15036,2012-01-23,267.6018112507351
15056BL,2012-01-23,54.07581117809496
15056N,2012-01-23,88.6193679648362
20679,2012-01-23,44.35182911441456
20685,2012-01-23,82.78913652072973
20711,2012-01-23,71.96959413625672
20712,2012-01-23,134.3735461141033
20713,2012-01-23,172.29638869636167
20719,2012-01-23,200.68545487213004
20723,2012-01-23,152.95681363542113
20724,2012-01-23,240.1993131325705
20725,2012-01-23,241.2459961167866
20726,2012-01-23,195.86922505127384
20727,2012-01-23,210.92660524439583
20728,2012-01-23,175.46727221981573
20749,2012-01-23,59.929124031645216
20750,2012-01-23,48.215868697928286
20914,2012-01-23,99.16411122636507
20971,2012-01-23,183.39330816892442
20972,2012-01-23,172.87450988658838
21080,2012-01-23,251.47592333183474
21137,2012-01-23,114.80074036365724
21166,2012-01-23,122.88754894531954
21175,2012-01-23,175.29090006513417
21181,2012-01-23,184.65164320224727
21210,2012-01-23,133.4536064019653
21212,2012-01-23,473.98340729295467
21213,2012-01-23,273.3521336613174
21216,2012-01-23,60.7092394333812
21217,2012-01-23,59.94963660742022
21218,2012-01-23,47.337328475815525
21231,2012-01-23,97.95690170588294
21232,2012-01-23,143.95973449926652
21314,2012-01-23,83.04556428531615
21479,2012-01-23,71.28507655138291
21481,2012-01-23,54.439746041892164
21485,2012-01-23,63.9316046833997
21523,2012-01-23,57.758848691711215
21524,2012-01-23,31.21063892776653
21559,2012-01-23,52.27257729175152
21621,2012-01-23,58.494661919349205
21623,2012-01-23,61.33399389982594
21731,2012-01-23,130.0821622375007
21733,2012-01-23,137.78304249471705
21754,2012-01-23,58.10785983353117
21755,2012-01-23,55.472827769215414
21790,2012-01-23,129.6555703469149
21791,2012-01-23,112.27579675207735
21843,2012-01-23,55.354670039211456
21915,2012-01-23,301.89439123914536
21928,2012-01-23,170.13689493619242
21929,2012-01-23,153.85810229500413
21930,2012-01-23,110.75391171704128
21931,2012-01-23,205.14905065646286
21936,2012-01-23,94.14170126207392
21955,2012-01-23,61.70214155586348
21977,2012-01-23,388.5247992032695
22077,2012-01-23,124.62365342572939
22083,2012-01-23,83.4231071257349
22084,2012-01-23,176.12398054099427
22086,2012-01-23,230.6787574961736
22087,2012-01-23,95.4471437683522
22090,2012-01-23,147.22551298337441
22111,2012-01-23,89.20557380587624
22112,2012-01-23,53.34200448177632
22113,2012-01-23,73.07515531097762
22114,2012-01-23,98.50656271422984
22138,2012-01-23,73.58280726685877
22139,2012-01-23,72.98666468974116
22149,2012-01-23,131.83429165798788
22158,2012-01-23,62.443754043108605
22171,2012-01-23,53.132829686630906
22178,2012-01-23,121.87544143860752
22188,2012-01-23,70.87192934112157
22189,2012-01-23,122.41143878699593
22197,2012-01-23,903.7823168922492
22294,2012-01-23,103.48422261209785
22326,2012-01-23,142.99119578369928
22328,2012-01-23,91.88896773077678
22355,2012-01-23,219.4068768497846
22356,2012-01-23,198.96994344820175
22379,2012-01-23,123.85585888888762
22382,2012-01-23,206.84153980577597
22383,2012-01-23,182.55706371465237
22384,2012-01-23,163.99932948391051
22385,2012-01-23,169.38466907248855
22386,2012-01-23,246.19057024010365
22411,2012-01-23,191.36547504448586
22423,2012-01-23,194.37322651174514
22424,2012-01-23,81.97045656250482
22456,2012-01-23,43.591485936583155
22457,2012-01-23,120.92022102754893
22467,2012-01-23,121.84665690193192
22469,2012-01-23,127.58428271702643
22470,2012-01-23,134.17974395964794
22492,2012-01-23,446.5878653909784
22499,2012-01-23,73.82432835961274
22501,2012-01-23,54.375780126375695
22502,2012-01-23,103.29304797426268
22507,2012-01-23,62.8766673396921
22551,2012-01-23,132.39547747411888
22554,2012-01-23,130.67826130385697
22556,2012-01-23,129.62687849851628
22585,2012-01-23,98.62532009082217
22605,2012-01-23,51.99758339453022
22607,2012-01-23,40.536276198783746
22622,2012-01-23,29.31430771425346
22624,2012-01-23,28.729580139031075
22625,2012-01-23,19.763226533556647
22629,2012-01-23,188.8304553136145
22630,2012-01-23,179.81670264683584
22632,2012-01-23,100.10493069235937
22659,2012-01-23,157.14437839146908
22666,2012-01-23,97.7759064162214
22693,2012-01-23,179.99256405241346
22697,2012-01-23,111.49091415807192
22698,2012-01-23,88.62510972253402
22699,2012-01-23,141.07952757847832
22720,2012-01-23,127.93855170542446
22722,2012-01-23,104.08952233209904
22726,2012-01-23,115.50192956265897
22727,2012-01-23,118.83191014632828
22728,2012-01-23,112.54760817484399
22734,2012-01-23,69.50333939204069
22752,2012-01-23,71.9984737698922
22835,2012-01-23,70.15218365672517
22865,2012-01-23,145.81927988558982
22866,2012-01-23,166.3653958371641
22867,2012-01-23,193.76870192104775
22910,2012-01-23,243.6330678878437
22941,2012-01-23,74.40729559330963
22960,2012-01-23,129.1433578361622
22961,2012-01-23,212.55266230769385
22969,2012-01-23,187.82936921873238
23084,2012-01-23,949.6497840852398
23173,2012-01-23,133.1127219809317
23199,2012-01-23,252.937670151647
23201,2012-01-23,264.5592195861312
23202,2012-01-23,288.0493698535364
23203,2012-01-23,468.6764739924512
23206,2012-01-23,305.8006278593806
23209,2012-01-23,338.27191850511286
23243,2012-01-23,190.9439566313818
23245,2012-01-23,166.2446464960101
23284,2012-01-23,135.64565125357524
23298,2012-01-23,240.91945938495977
23344,2012-01-23,309.61019389427184
23355,2012-01-23,103.53389708302272
37449,2012-01-23,61.72309498606101
47566,2012-01-23,104.68615349128791
47566B,2012-01-23,60.80375698039182
47590A,2012-01-23,33.712300714146785
47590B,2012-01-23,47.92686079260274
48111,2012-01-23,22.42981200019194
48116,2012-01-23,9.488495611632349
48138,2012-01-23,58.04713740722845
48173C,2012-01-23,27.217433882634634
48184,2012-01-23,34.99095646531677
48185,2012-01-23,52.48837766834955
48187,2012-01-23,48.790563574475
48188,2012-01-23,28.52223989892768
48194,2012-01-23,51.61001219728624
71459,2012-01-23,173.29785506921155
71477,2012-01-23,81.38839806813895
72741,2012-01-23,82.96756774392264
79321,2012-01-23,46.75081683142228
82482,2012-01-23,111.6965611216897
82483,2012-01-23,53.8175021504962
82484,2012-01-23,79.36728910335135
82486,2012-01-23,51.322139800160095
82494L,2012-01-23,92.9949091172205
82583,2012-01-23,68.95369404180528
82600,2012-01-23,162.3976221690767
84029E,2012-01-23,44.838741461508704
84029G,2012-01-23,55.03670157619315
84077,2012-01-23,393.1907505593122
84078A,2012-01-23,26.82289406285997
84347,2012-01-23,213.7507932391805
84406B,2012-01-23,66.62073654247105
84755,2012-01-23,155.8909835379897
84836,2012-01-23,111.35743219007087
84879,2012-01-23,400.24028499226114
84946,2012-01-23,195.11265783441843
84970S,2012-01-23,228.12170869854927
84978,2012-01-23,203.51729562729992
84991,2012-01-23,424.1775647277644
84997A,2012-01-23,111.72440108394619
84997B,2012-01-23,123.79131607555614
84997C,2012-01-23,125.61774610786304
84997D,2012-01-23,105.55407936123045
85014A,2012-01-23,59.200384574855946
85014B,2012-01-23,48.65851362596884
85048,2012-01-23,30.424339145420536
85066,2012-01-23,24.181150181149114
85099B,2012-01-23,472.4392561897111
85099C,2012-01-23,158.9054274318668
85099F,2012-01-23,167.79753545921054
85123A,2012-01-23,158.01995316263273
85150,2012-01-23,77.72172852273196
85152,2012-01-23,96.2589823557957
15036,2012-01-30,374.70096444490963
15056BL,2012-01-30,55.33883351010147
15056N,2012-01-30,87.28194574144949
20679,2012-01-30,45.505977170241636
20685,2012-01-30,83.50018745803999
20711,2012-01-30,70.81933352600657
20712,2012-01-30,131.77912173221682
20713,2012-01-30,168.2871363969473
20719,2012-01-30,202.52304885457755
20723,2012-01-30,151.158847955061
20724,2012-01-30,226.12943038892615
20725,2012-01-30,255.1544774478241
20726,2012-01-30,189.98357729083207
20727,2012-01-30,211.1098041653617
20728,2012-01-30,180.24054893058172
20749,2012-01-30,59.48064503991254
20750,2012-01-30,48.215868697928286
20914,2012-01-30,101.24940112019281
20971,2012-01-30,176.9213988111507
20972,2012-01-30,166.69674031630458
21080,2012-01-30,236.42083041496366
21137,2012-01-30,55.72533941256378
21166,2012-01-30,111.0017754078224
21175,2012-01-30,171.9602128614463
21181,2012-01-30,190.2830569344807
21210,2012-01-30,133.47477766892973
21212,2012-01-30,403.75893628146986
21213,2012-01-30,257.57712830129384
21216,2012-01-30,60.70264250177719
21217,2012-01-30,60.423050863252115
21218,2012-01-30,51.132393912985656
21231,2012-01-30,96.571198778469
21232,2012-01-30,148.0493760383108
21314,2012-01-30,91.01955326579183
21479,2012-01-30,70.4798431110027
21481,2012-01-30,54.439746041892164
21485,2012-01-30,63.9316046833997
21523,2012-01-30,59.92000381822522
21524,2012-01-30,31.21063892776653
21559,2012-01-30,52.24577385940705
21621,2012-01-30,58.69255251564922
21623,2012-01-30,62.32042032773738
21731,2012-01-30,126.56569194245863
21733,2012-01-30,136.89066598709692
21754,2012-01-30,59.83651468927814
21755,2012-01-30,56.601020151969124
21790,2012-01-30,113.78471859523759
21791,2012-01-30,98.37834091818927
21843,2012-01-30,57.1981674783095
21915,2012-01-30,254.2014405894068
21928,2012-01-30,172.53114272521736
21929,2012-01-30,151.95795786373267
21930,2012-01-30,104.38078174718682
21931,2012-01-30,203.73684804702995
21936,2012-01-30,102.29392130109976
21955,2012-01-30,49.39909228662557
21977,2012-01-30,441.30225065968386
22077,2012-01-30,121.81287243389092
22083,2012-01-30,91.73907942273189
22084,2012-01-30,192.17710800293293
22086,2012-01-30,243.1857682867852
22087,2012-01-30,97.92079603637295
22090,2012-01-30,146.31121368021059
22111,2012-01-30,90.63926809193848
22112,2012-01-30,51.479211179588525
22113,2012-01-30,73.07515531097762
22114,2012-01-30,63.327411109347466
22138,2012-01-30,70.0096984562326
22139,2012-01-30,72.98666468974116
22149,2012-01-30,128.56994463111215
22158,2012-01-30,60.67634473441596
22171,2012-01-30,54.32428803997573
22178,2012-01-30,122.22916829818084
22188,2012-01-30,67.09839497406428
22189,2012-01-30,129.9986565545083
22197,2012-01-30,727.8093262880656
22294,2012-01-30,83.28003017619685
22326,2012-01-30,113.59122789891626
22328,2012-01-30,67.72198987040767
22355,2012-01-30,210.0077831817602
22356,2012-01-30,189.3721176774714
22379,2012-01-30,140.81894856746277
22382,2012-01-30,211.48179752521855
22383,2012-01-30,187.56328819609584
22384,2012-01-30,174.4784945937934
22385,2012-01-30,180.6961001693493
22386,2012-01-30,258.72839271032063
22411,2012-01-30,188.82585498747935
22423,2012-01-30,189.20788726065132
22424,2012-01-30,80.71184773957575
22456,2012-01-30,52.30663489040564
22457,2012-01-30,148.7288882549663
22467,2012-01-30,125.0485547070162
22469,2012-01-30,143.68206492099966
22470,2012-01-30,186.3266706368005
22492,2012-01-30,327.50578949522486
22499,2012-01-30,70.6932089125155
22501,2012-01-30,53.46130101838153
22502,2012-01-30,102.59348689293633
22507,2012-01-30,62.56887431865673
22551,2012-01-30,116.74419605865471
22554,2012-01-30,126.73189100383365
22556,2012-01-30,124.27714957177493
22585,2012-01-30,96.93687253953365
22605,2012-01-30,51.99758339453022
22607,2012-01-30,52.75096245824515
22622,2012-01-30,31.20233621778734
22624,2012-01-30,29.617467510631315
22625,2012-01-30,28.36200930092887
22629,2012-01-30,182.46468578651755
22630,2012-01-30,166.64098058609247
22632,2012-01-30,88.65946620918194
22659,2012-01-30,169.26532707760066
22666,2012-01-30,84.77351912515901
22693,2012-01-30,187.60493048487115
22697,2012-01-30,108.50390313631506
22698,2012-01-30,86.43169744634885
22699,2012-01-30,139.03402714218683
22720,2012-01-30,124.24028615142979
22722,2012-01-30,107.30378368197097
22726,2012-01-30,110.68166513823581
22727,2012-01-30,87.91880984846429
22728,2012-01-30,116.71732216849225
22734,2012-01-30,65.64153462842533
22752,2012-01-30,71.3521041818595
22835,2012-01-30,68.56838253559859
22865,2012-01-30,155.93988199929746
22866,2012-01-30,164.13766225385726
22867,2012-01-30,169.39285104463664
22910,2012-01-30,241.7743498934341
22941,2012-01-30,74.38803574240838
22960,2012-01-30,128.94733245181223
22961,2012-01-30,232.08368415483594
22969,2012-01-30,195.16671015366535
23084,2012-01-30,856.3209582956631
23173,2012-01-30,126.56765614272891
23199,2012-01-30,251.5894933707626
23201,2012-01-30,270.4844947176522
23202,2012-01-30,276.8127928372344
23203,2012-01-30,426.3786084186466
23206,2012-01-30,290.8492428398515
23209,2012-01-30,331.0983218472207
23243,2012-01-30,203.08347840095868
23245,2012-01-30,173.28610102012829
23284,2012-01-30,134.84425422215384
23298,2012-01-30,254.30642689892105
23344,2012-01-30,333.5321448160428
23355,2012-01-30,123.35205495044612
37449,2012-01-30,60.76761823706547
47566,2012-01-30,124.34816358927685
47566B,2012-01-30,64.39498768104062
47590A,2012-01-30,35.212675397463336
47590B,2012-01-30,58.532970962460794
48111,2012-01-30,23.386271990626764
48116,2012-01-30,13.636822489566555
48138,2012-01-30,59.353207638030966
48173C,2012-01-30,28.253516080311417
48184,2012-01-30,36.115409805324376
48185,2012-01-30,54.217032524096545
48187,2012-01-30,52.86804765356749
48188,2012-01-30,28.52223989892768
48194,2012-01-30,53.49735866069041
71459,2012-01-30,187.33168789614533
71477,2012-01-30,80.94095780787192
72741,2012-01-30,79.57999746476217
79321,2012-01-30,55.809978357038155
82482,2012-01-30,109.45107166237115
82483,2012-01-30,53.598431371262755
82484,2012-01-30,80.70137291636466
82486,2012-01-30,51.322139800160095
82494L,2012-01-30,91.77389618545507
82583,2012-01-30,69.60006362983798
82600,2012-01-30,89.35451364003004
84029E,2012-01-30,49.17201888544846
84029G,2012-01-30,58.18639895399422
84077,2012-01-30,474.5562342395404
84078A,2012-01-30,25.73219115917967
84347,2012-01-30,282.4616901397359
84406B,2012-01-30,70.53410055634862
84755,2012-01-30,135.07591937748828
84836,2012-01-30,118.19215135689673
84879,2012-01-30,477.9439555405325
84946,2012-01-30,173.1800749136895
84970S,2012-01-30,224.43069624749688
84978,2012-01-30,201.39427191013573
84991,2012-01-30,381.33972975545396
84997A,2012-01-30,120.37808953769887
84997B,2012-01-30,117.41128225313486
84997C,2012-01-30,120.04372891948402
84997D,2012-01-30,100.43385803264844
85014A,2012-01-30,56.49133794014416
85014B,2012-01-30,53.764458503396156
85048,2012-01-30,30.50522791438429
85066,2012-01-30,26.787771077751156
85099B,2012-01-30,532.9472822802313
85099C,2012-01-30,177.52215996577732
85099F,2012-01-30,180.32930238896785
85123A,2012-01-30,177.75220511061084
85150,2012-01-30,71.35396175553849
85152,2012-01-30,81.460003571932
